[{"model": "admin.logentry", "pk": 106, "fields": {"action_time": "2024-02-16T14:46:50.778Z", "user": 31, "content_type": 6, "object_id": "31", "object_repr": "omkarjadhav8087@gmail.com", "action_flag": 2, "change_message": "[{\"changed\": {\"fields\": [\"Role\"]}}]"}}, {"model": "admin.logentry", "pk": 107, "fields": {"action_time": "2024-02-16T14:47:13.276Z", "user": 31, "content_type": 6, "object_id": "30", "object_repr": "jadhavomkar8087@gmail.com", "action_flag": 2, "change_message": "[{\"changed\": {\"fields\": [\"Is superadmin\"]}}]"}}, {"model": "admin.logentry", "pk": 108, "fields": {"action_time": "2024-02-16T14:48:39.102Z", "user": 31, "content_type": 6, "object_id": "30", "object_repr": "jadhavomkar8087@gmail.com", "action_flag": 2, "change_message": "[{\"changed\": {\"fields\": [\"Is superadmin\"]}}]"}}, {"model": "admin.logentry", "pk": 109, "fields": {"action_time": "2024-02-16T14:49:42.229Z", "user": 31, "content_type": 6, "object_id": "24", "object_repr": "en20145457@git-india.edu.in", "action_flag": 2, "change_message": "[{\"changed\": {\"fields\": [\"Role\"]}}]"}}, {"model": "admin.logentry", "pk": 110, "fields": {"action_time": "2024-02-16T14:49:52.784Z", "user": 31, "content_type": 6, "object_id": "17", "object_repr": "nareshj211@gmail.com", "action_flag": 2, "change_message": "[{\"changed\": {\"fields\": [\"Role\"]}}]"}}, {"model": "admin.logentry", "pk": 111, "fields": {"action_time": "2024-02-16T14:50:05.677Z", "user": 31, "content_type": 6, "object_id": "27", "object_repr": "en20142493@git-india.edu.in", "action_flag": 2, "change_message": "[{\"changed\": {\"fields\": [\"Role\"]}}]"}}, {"model": "admin.logentry", "pk": 112, "fields": {"action_time": "2024-02-16T15:04:48.978Z", "user": 31, "content_type": 6, "object_id": "31", "object_repr": "omkarjadhav8087@gmail.com", "action_flag": 2, "change_message": "[{\"changed\": {\"fields\": [\"Role\"]}}]"}}, {"model": "admin.logentry", "pk": 113, "fields": {"action_time": "2024-02-16T15:05:09.193Z", "user": 31, "content_type": 6, "object_id": "24", "object_repr": "en20145457@git-india.edu.in", "action_flag": 3, "change_message": ""}}, {"model": "admin.logentry", "pk": 114, "fields": {"action_time": "2024-02-16T15:06:50.563Z", "user": 31, "content_type": 6, "object_id": "17", "object_repr": "nareshj211@gmail.com", "action_flag": 3, "change_message": ""}}, {"model": "admin.logentry", "pk": 115, "fields": {"action_time": "2024-02-16T15:07:42.119Z", "user": 31, "content_type": 6, "object_id": "27", "object_repr": "en20142493@git-india.edu.in", "action_flag": 3, "change_message": ""}}, {"model": "admin.logentry", "pk": 116, "fields": {"action_time": "2024-02-16T15:22:01.572Z", "user": 31, "content_type": 8, "object_id": "7", "object_repr": "Fourth Hotel", "action_flag": 2, "change_message": "[{\"changed\": {\"fields\": [\"Is approved\"]}}]"}}, {"model": "admin.logentry", "pk": 117, "fields": {"action_time": "2024-02-16T15:24:39.073Z", "user": 31, "content_type": 6, "object_id": "32", "object_repr": "Fourth.amazonkatta2002@gmail.com", "action_flag": 2, "change_message": "[{\"changed\": {\"fields\": [\"Is active\"]}}]"}}, {"model": "admin.logentry", "pk": 118, "fields": {"action_time": "2024-04-09T18:15:43.670Z", "user": 31, "content_type": 14, "object_id": "44", "object_repr": "2024040919535744", "action_flag": 3, "change_message": ""}}, {"model": "admin.logentry", "pk": 119, "fields": {"action_time": "2024-04-09T18:15:43.707Z", "user": 31, "content_type": 14, "object_id": "43", "object_repr": "2024040912413643", "action_flag": 3, "change_message": ""}}, {"model": "admin.logentry", "pk": 120, "fields": {"action_time": "2024-04-09T18:15:43.710Z", "user": 31, "content_type": 14, "object_id": "42", "object_repr": "2024040912410842", "action_flag": 3, "change_message": ""}}, {"model": "admin.logentry", "pk": 121, "fields": {"action_time": "2024-04-09T18:15:43.711Z", "user": 31, "content_type": 14, "object_id": "41", "object_repr": "2024040821332441", "action_flag": 3, "change_message": ""}}, {"model": "admin.logentry", "pk": 122, "fields": {"action_time": "2024-04-09T18:15:43.713Z", "user": 31, "content_type": 14, "object_id": "40", "object_repr": "2024040819291340", "action_flag": 3, "change_message": ""}}, {"model": "admin.logentry", "pk": 123, "fields": {"action_time": "2024-04-09T18:15:43.713Z", "user": 31, "content_type": 14, "object_id": "39", "object_repr": "2024040819254039", "action_flag": 3, "change_message": ""}}, {"model": "admin.logentry", "pk": 124, "fields": {"action_time": "2024-04-09T18:15:43.716Z", "user": 31, "content_type": 14, "object_id": "38", "object_repr": "2024040819133238", "action_flag": 3, "change_message": ""}}, {"model": "admin.logentry", "pk": 125, "fields": {"action_time": "2024-04-09T18:15:43.717Z", "user": 31, "content_type": 14, "object_id": "37", "object_repr": "2024040819095437", "action_flag": 3, "change_message": ""}}, {"model": "admin.logentry", "pk": 126, "fields": {"action_time": "2024-04-09T18:15:43.718Z", "user": 31, "content_type": 14, "object_id": "36", "object_repr": "2024040814354836", "action_flag": 3, "change_message": ""}}, {"model": "admin.logentry", "pk": 127, "fields": {"action_time": "2024-04-09T18:15:43.718Z", "user": 31, "content_type": 14, "object_id": "35", "object_repr": "2024040814315235", "action_flag": 3, "change_message": ""}}, {"model": "admin.logentry", "pk": 128, "fields": {"action_time": "2024-04-09T18:15:43.720Z", "user": 31, "content_type": 14, "object_id": "34", "object_repr": "2024040814290434", "action_flag": 3, "change_message": ""}}, {"model": "admin.logentry", "pk": 129, "fields": {"action_time": "2024-04-09T18:15:43.721Z", "user": 31, "content_type": 14, "object_id": "33", "object_repr": "2024040814240433", "action_flag": 3, "change_message": ""}}, {"model": "admin.logentry", "pk": 130, "fields": {"action_time": "2024-04-09T18:15:43.723Z", "user": 31, "content_type": 14, "object_id": "32", "object_repr": "2024040814083632", "action_flag": 3, "change_message": ""}}, {"model": "admin.logentry", "pk": 131, "fields": {"action_time": "2024-04-09T18:15:43.724Z", "user": 31, "content_type": 14, "object_id": "31", "object_repr": "2024040814041531", "action_flag": 3, "change_message": ""}}, {"model": "admin.logentry", "pk": 132, "fields": {"action_time": "2024-04-09T18:15:43.724Z", "user": 31, "content_type": 14, "object_id": "30", "object_repr": "2024040813530130", "action_flag": 3, "change_message": ""}}, {"model": "admin.logentry", "pk": 133, "fields": {"action_time": "2024-04-09T18:15:43.725Z", "user": 31, "content_type": 14, "object_id": "29", "object_repr": "2024040813511529", "action_flag": 3, "change_message": ""}}, {"model": "admin.logentry", "pk": 134, "fields": {"action_time": "2024-04-09T18:15:43.727Z", "user": 31, "content_type": 14, "object_id": "28", "object_repr": "2024040813491328", "action_flag": 3, "change_message": ""}}, {"model": "admin.logentry", "pk": 135, "fields": {"action_time": "2024-04-09T18:15:43.728Z", "user": 31, "content_type": 14, "object_id": "27", "object_repr": "2024040813455927", "action_flag": 3, "change_message": ""}}, {"model": "admin.logentry", "pk": 136, "fields": {"action_time": "2024-04-09T18:15:43.729Z", "user": 31, "content_type": 14, "object_id": "26", "object_repr": "2024040813411226", "action_flag": 3, "change_message": ""}}, {"model": "admin.logentry", "pk": 137, "fields": {"action_time": "2024-04-09T18:15:43.730Z", "user": 31, "content_type": 14, "object_id": "25", "object_repr": "2024040813040125", "action_flag": 3, "change_message": ""}}, {"model": "admin.logentry", "pk": 138, "fields": {"action_time": "2024-04-09T18:15:43.732Z", "user": 31, "content_type": 14, "object_id": "24", "object_repr": "2024040812575624", "action_flag": 3, "change_message": ""}}, {"model": "admin.logentry", "pk": 139, "fields": {"action_time": "2024-04-09T18:15:43.732Z", "user": 31, "content_type": 14, "object_id": "23", "object_repr": "2024040723325823", "action_flag": 3, "change_message": ""}}, {"model": "admin.logentry", "pk": 140, "fields": {"action_time": "2024-04-09T18:15:43.734Z", "user": 31, "content_type": 14, "object_id": "22", "object_repr": "2024040723305422", "action_flag": 3, "change_message": ""}}, {"model": "admin.logentry", "pk": 141, "fields": {"action_time": "2024-04-09T18:15:43.734Z", "user": 31, "content_type": 14, "object_id": "21", "object_repr": "2024040720561121", "action_flag": 3, "change_message": ""}}, {"model": "admin.logentry", "pk": 142, "fields": {"action_time": "2024-04-09T18:15:43.736Z", "user": 31, "content_type": 14, "object_id": "20", "object_repr": "2024040720470420", "action_flag": 3, "change_message": ""}}, {"model": "admin.logentry", "pk": 143, "fields": {"action_time": "2024-04-09T18:15:43.737Z", "user": 31, "content_type": 14, "object_id": "19", "object_repr": "2024040720434819", "action_flag": 3, "change_message": ""}}, {"model": "admin.logentry", "pk": 144, "fields": {"action_time": "2024-04-09T18:15:43.739Z", "user": 31, "content_type": 14, "object_id": "18", "object_repr": "2024040720231318", "action_flag": 3, "change_message": ""}}, {"model": "admin.logentry", "pk": 145, "fields": {"action_time": "2024-04-09T18:15:43.739Z", "user": 31, "content_type": 14, "object_id": "17", "object_repr": "2024040719534917", "action_flag": 3, "change_message": ""}}, {"model": "admin.logentry", "pk": 146, "fields": {"action_time": "2024-04-09T18:15:43.740Z", "user": 31, "content_type": 14, "object_id": "16", "object_repr": "2024040717181316", "action_flag": 3, "change_message": ""}}, {"model": "admin.logentry", "pk": 147, "fields": {"action_time": "2024-04-09T18:15:43.741Z", "user": 31, "content_type": 14, "object_id": "15", "object_repr": "2024040716500015", "action_flag": 3, "change_message": ""}}, {"model": "admin.logentry", "pk": 148, "fields": {"action_time": "2024-04-09T18:15:43.744Z", "user": 31, "content_type": 14, "object_id": "14", "object_repr": "2024040716471114", "action_flag": 3, "change_message": ""}}, {"model": "admin.logentry", "pk": 149, "fields": {"action_time": "2024-04-09T18:15:43.744Z", "user": 31, "content_type": 14, "object_id": "13", "object_repr": "2024040716434213", "action_flag": 3, "change_message": ""}}, {"model": "admin.logentry", "pk": 150, "fields": {"action_time": "2024-04-09T18:15:43.746Z", "user": 31, "content_type": 14, "object_id": "12", "object_repr": "2024040716432712", "action_flag": 3, "change_message": ""}}, {"model": "admin.logentry", "pk": 151, "fields": {"action_time": "2024-04-09T18:15:43.746Z", "user": 31, "content_type": 14, "object_id": "11", "object_repr": "2024040716420411", "action_flag": 3, "change_message": ""}}, {"model": "admin.logentry", "pk": 152, "fields": {"action_time": "2024-04-09T18:15:43.748Z", "user": 31, "content_type": 14, "object_id": "10", "object_repr": "2024040716413710", "action_flag": 3, "change_message": ""}}, {"model": "admin.logentry", "pk": 153, "fields": {"action_time": "2024-04-09T18:15:43.749Z", "user": 31, "content_type": 14, "object_id": "9", "object_repr": "202404071609329", "action_flag": 3, "change_message": ""}}, {"model": "admin.logentry", "pk": 154, "fields": {"action_time": "2024-04-09T18:15:43.751Z", "user": 31, "content_type": 14, "object_id": "8", "object_repr": "202404071559378", "action_flag": 3, "change_message": ""}}, {"model": "admin.logentry", "pk": 155, "fields": {"action_time": "2024-04-09T18:15:43.751Z", "user": 31, "content_type": 14, "object_id": "7", "object_repr": "202404071547357", "action_flag": 3, "change_message": ""}}, {"model": "admin.logentry", "pk": 156, "fields": {"action_time": "2024-04-09T18:15:43.753Z", "user": 31, "content_type": 14, "object_id": "6", "object_repr": "202404060119486", "action_flag": 3, "change_message": ""}}, {"model": "admin.logentry", "pk": 157, "fields": {"action_time": "2024-04-09T18:15:43.754Z", "user": 31, "content_type": 14, "object_id": "5", "object_repr": "202402171057475", "action_flag": 3, "change_message": ""}}, {"model": "admin.logentry", "pk": 158, "fields": {"action_time": "2024-04-09T18:15:43.755Z", "user": 31, "content_type": 14, "object_id": "4", "object_repr": "202402012322234", "action_flag": 3, "change_message": ""}}, {"model": "admin.logentry", "pk": 159, "fields": {"action_time": "2024-04-09T18:15:43.757Z", "user": 31, "content_type": 14, "object_id": "3", "object_repr": "202401312343353", "action_flag": 3, "change_message": ""}}, {"model": "admin.logentry", "pk": 160, "fields": {"action_time": "2024-04-09T18:15:43.758Z", "user": 31, "content_type": 14, "object_id": "2", "object_repr": "20240131234115None", "action_flag": 3, "change_message": ""}}, {"model": "admin.logentry", "pk": 161, "fields": {"action_time": "2024-04-09T18:15:43.758Z", "user": 31, "content_type": 14, "object_id": "1", "object_repr": "123", "action_flag": 3, "change_message": ""}}, {"model": "admin.logentry", "pk": 162, "fields": {"action_time": "2024-04-12T14:49:38.592Z", "user": 31, "content_type": 6, "object_id": "33", "object_repr": "prasadjadhav2216@gmail.com", "action_flag": 3, "change_message": ""}}, {"model": "admin.logentry", "pk": 163, "fields": {"action_time": "2024-04-12T14:56:49.365Z", "user": 31, "content_type": 6, "object_id": "34", "object_repr": "prasadjadhav2216@gmail.com", "action_flag": 3, "change_message": ""}}, {"model": "admin.logentry", "pk": 164, "fields": {"action_time": "2024-04-12T16:18:22.171Z", "user": 31, "content_type": 6, "object_id": "35", "object_repr": "prasadjadhav2216@gmail.com", "action_flag": 3, "change_message": ""}}, {"model": "admin.logentry", "pk": 165, "fields": {"action_time": "2024-04-12T16:29:35.917Z", "user": 31, "content_type": 6, "object_id": "36", "object_repr": "prasadjadhav2216@gmail.com", "action_flag": 3, "change_message": ""}}, {"model": "admin.logentry", "pk": 166, "fields": {"action_time": "2024-04-12T17:33:15.875Z", "user": 31, "content_type": 6, "object_id": "37", "object_repr": "prasadjadhav2216@gmail.com", "action_flag": 3, "change_message": ""}}, {"model": "admin.logentry", "pk": 167, "fields": {"action_time": "2024-04-12T17:35:44.700Z", "user": 31, "content_type": 6, "object_id": "38", "object_repr": "prasadjadhav2216@gmail.com", "action_flag": 3, "change_message": ""}}, {"model": "admin.logentry", "pk": 168, "fields": {"action_time": "2024-04-13T09:06:27.073Z", "user": 31, "content_type": 14, "object_id": "56", "object_repr": "2024041311421756", "action_flag": 3, "change_message": ""}}, {"model": "admin.logentry", "pk": 169, "fields": {"action_time": "2024-04-13T09:06:27.103Z", "user": 31, "content_type": 14, "object_id": "55", "object_repr": "2024041311411555", "action_flag": 3, "change_message": ""}}, {"model": "admin.logentry", "pk": 170, "fields": {"action_time": "2024-04-13T09:06:27.103Z", "user": 31, "content_type": 14, "object_id": "54", "object_repr": "2024041311335754", "action_flag": 3, "change_message": ""}}, {"model": "admin.logentry", "pk": 171, "fields": {"action_time": "2024-04-13T09:06:27.103Z", "user": 31, "content_type": 14, "object_id": "53", "object_repr": "2024041300062753", "action_flag": 3, "change_message": ""}}, {"model": "admin.logentry", "pk": 172, "fields": {"action_time": "2024-04-13T09:06:27.103Z", "user": 31, "content_type": 14, "object_id": "52", "object_repr": "2024041222393452", "action_flag": 3, "change_message": ""}}, {"model": "admin.logentry", "pk": 173, "fields": {"action_time": "2024-04-13T09:06:27.103Z", "user": 31, "content_type": 14, "object_id": "51", "object_repr": "2024041221462851", "action_flag": 3, "change_message": ""}}, {"model": "admin.logentry", "pk": 174, "fields": {"action_time": "2024-04-13T09:06:27.108Z", "user": 31, "content_type": 14, "object_id": "50", "object_repr": "2024041221075150", "action_flag": 3, "change_message": ""}}, {"model": "admin.logentry", "pk": 175, "fields": {"action_time": "2024-04-13T09:06:27.109Z", "user": 31, "content_type": 14, "object_id": "49", "object_repr": "2024041221044449", "action_flag": 3, "change_message": ""}}, {"model": "admin.logentry", "pk": 176, "fields": {"action_time": "2024-04-13T09:06:27.109Z", "user": 31, "content_type": 14, "object_id": "48", "object_repr": "2024041220331848", "action_flag": 3, "change_message": ""}}, {"model": "admin.logentry", "pk": 177, "fields": {"action_time": "2024-04-13T09:06:27.109Z", "user": 31, "content_type": 14, "object_id": "47", "object_repr": "2024041120523147", "action_flag": 3, "change_message": ""}}, {"model": "admin.logentry", "pk": 178, "fields": {"action_time": "2024-04-13T09:06:27.109Z", "user": 31, "content_type": 14, "object_id": "46", "object_repr": "2024041020494046", "action_flag": 3, "change_message": ""}}, {"model": "admin.logentry", "pk": 179, "fields": {"action_time": "2024-04-13T09:06:27.109Z", "user": 31, "content_type": 14, "object_id": "45", "object_repr": "2024041000031745", "action_flag": 3, "change_message": ""}}, {"model": "auth.permission", "pk": 1, "fields": {"name": "Can add log entry", "content_type": 1, "codename": "add_logentry"}}, {"model": "auth.permission", "pk": 2, "fields": {"name": "Can change log entry", "content_type": 1, "codename": "change_logentry"}}, {"model": "auth.permission", "pk": 3, "fields": {"name": "Can delete log entry", "content_type": 1, "codename": "delete_logentry"}}, {"model": "auth.permission", "pk": 4, "fields": {"name": "Can view log entry", "content_type": 1, "codename": "view_logentry"}}, {"model": "auth.permission", "pk": 5, "fields": {"name": "Can add permission", "content_type": 2, "codename": "add_permission"}}, {"model": "auth.permission", "pk": 6, "fields": {"name": "Can change permission", "content_type": 2, "codename": "change_permission"}}, {"model": "auth.permission", "pk": 7, "fields": {"name": "Can delete permission", "content_type": 2, "codename": "delete_permission"}}, {"model": "auth.permission", "pk": 8, "fields": {"name": "Can view permission", "content_type": 2, "codename": "view_permission"}}, {"model": "auth.permission", "pk": 9, "fields": {"name": "Can add group", "content_type": 3, "codename": "add_group"}}, {"model": "auth.permission", "pk": 10, "fields": {"name": "Can change group", "content_type": 3, "codename": "change_group"}}, {"model": "auth.permission", "pk": 11, "fields": {"name": "Can delete group", "content_type": 3, "codename": "delete_group"}}, {"model": "auth.permission", "pk": 12, "fields": {"name": "Can view group", "content_type": 3, "codename": "view_group"}}, {"model": "auth.permission", "pk": 13, "fields": {"name": "Can add content type", "content_type": 4, "codename": "add_contenttype"}}, {"model": "auth.permission", "pk": 14, "fields": {"name": "Can change content type", "content_type": 4, "codename": "change_contenttype"}}, {"model": "auth.permission", "pk": 15, "fields": {"name": "Can delete content type", "content_type": 4, "codename": "delete_contenttype"}}, {"model": "auth.permission", "pk": 16, "fields": {"name": "Can view content type", "content_type": 4, "codename": "view_contenttype"}}, {"model": "auth.permission", "pk": 17, "fields": {"name": "Can add session", "content_type": 5, "codename": "add_session"}}, {"model": "auth.permission", "pk": 18, "fields": {"name": "Can change session", "content_type": 5, "codename": "change_session"}}, {"model": "auth.permission", "pk": 19, "fields": {"name": "Can delete session", "content_type": 5, "codename": "delete_session"}}, {"model": "auth.permission", "pk": 20, "fields": {"name": "Can view session", "content_type": 5, "codename": "view_session"}}, {"model": "auth.permission", "pk": 21, "fields": {"name": "Can add user", "content_type": 6, "codename": "add_user"}}, {"model": "auth.permission", "pk": 22, "fields": {"name": "Can change user", "content_type": 6, "codename": "change_user"}}, {"model": "auth.permission", "pk": 23, "fields": {"name": "Can delete user", "content_type": 6, "codename": "delete_user"}}, {"model": "auth.permission", "pk": 24, "fields": {"name": "Can view user", "content_type": 6, "codename": "view_user"}}, {"model": "auth.permission", "pk": 25, "fields": {"name": "Can add user profile", "content_type": 7, "codename": "add_userprofile"}}, {"model": "auth.permission", "pk": 26, "fields": {"name": "Can change user profile", "content_type": 7, "codename": "change_userprofile"}}, {"model": "auth.permission", "pk": 27, "fields": {"name": "Can delete user profile", "content_type": 7, "codename": "delete_userprofile"}}, {"model": "auth.permission", "pk": 28, "fields": {"name": "Can view user profile", "content_type": 7, "codename": "view_userprofile"}}, {"model": "auth.permission", "pk": 29, "fields": {"name": "Can add vendor", "content_type": 8, "codename": "add_vendor"}}, {"model": "auth.permission", "pk": 30, "fields": {"name": "Can change vendor", "content_type": 8, "codename": "change_vendor"}}, {"model": "auth.permission", "pk": 31, "fields": {"name": "Can delete vendor", "content_type": 8, "codename": "delete_vendor"}}, {"model": "auth.permission", "pk": 32, "fields": {"name": "Can view vendor", "content_type": 8, "codename": "view_vendor"}}, {"model": "auth.permission", "pk": 33, "fields": {"name": "Can add category", "content_type": 9, "codename": "add_category"}}, {"model": "auth.permission", "pk": 34, "fields": {"name": "Can change category", "content_type": 9, "codename": "change_category"}}, {"model": "auth.permission", "pk": 35, "fields": {"name": "Can delete category", "content_type": 9, "codename": "delete_category"}}, {"model": "auth.permission", "pk": 36, "fields": {"name": "Can view category", "content_type": 9, "codename": "view_category"}}, {"model": "auth.permission", "pk": 37, "fields": {"name": "Can add food item", "content_type": 10, "codename": "add_fooditem"}}, {"model": "auth.permission", "pk": 38, "fields": {"name": "Can change food item", "content_type": 10, "codename": "change_fooditem"}}, {"model": "auth.permission", "pk": 39, "fields": {"name": "Can delete food item", "content_type": 10, "codename": "delete_fooditem"}}, {"model": "auth.permission", "pk": 40, "fields": {"name": "Can view food item", "content_type": 10, "codename": "view_fooditem"}}, {"model": "auth.permission", "pk": 41, "fields": {"name": "Can add cart", "content_type": 11, "codename": "add_cart"}}, {"model": "auth.permission", "pk": 42, "fields": {"name": "Can change cart", "content_type": 11, "codename": "change_cart"}}, {"model": "auth.permission", "pk": 43, "fields": {"name": "Can delete cart", "content_type": 11, "codename": "delete_cart"}}, {"model": "auth.permission", "pk": 44, "fields": {"name": "Can view cart", "content_type": 11, "codename": "view_cart"}}, {"model": "auth.permission", "pk": 45, "fields": {"name": "Can add opening hour", "content_type": 12, "codename": "add_openinghour"}}, {"model": "auth.permission", "pk": 46, "fields": {"name": "Can change opening hour", "content_type": 12, "codename": "change_openinghour"}}, {"model": "auth.permission", "pk": 47, "fields": {"name": "Can delete opening hour", "content_type": 12, "codename": "delete_openinghour"}}, {"model": "auth.permission", "pk": 48, "fields": {"name": "Can view opening hour", "content_type": 12, "codename": "view_openinghour"}}, {"model": "auth.permission", "pk": 49, "fields": {"name": "Can add tax", "content_type": 13, "codename": "add_tax"}}, {"model": "auth.permission", "pk": 50, "fields": {"name": "Can change tax", "content_type": 13, "codename": "change_tax"}}, {"model": "auth.permission", "pk": 51, "fields": {"name": "Can delete tax", "content_type": 13, "codename": "delete_tax"}}, {"model": "auth.permission", "pk": 52, "fields": {"name": "Can view tax", "content_type": 13, "codename": "view_tax"}}, {"model": "auth.permission", "pk": 53, "fields": {"name": "Can add order", "content_type": 14, "codename": "add_order"}}, {"model": "auth.permission", "pk": 54, "fields": {"name": "Can change order", "content_type": 14, "codename": "change_order"}}, {"model": "auth.permission", "pk": 55, "fields": {"name": "Can delete order", "content_type": 14, "codename": "delete_order"}}, {"model": "auth.permission", "pk": 56, "fields": {"name": "Can view order", "content_type": 14, "codename": "view_order"}}, {"model": "auth.permission", "pk": 57, "fields": {"name": "Can add payment", "content_type": 15, "codename": "add_payment"}}, {"model": "auth.permission", "pk": 58, "fields": {"name": "Can change payment", "content_type": 15, "codename": "change_payment"}}, {"model": "auth.permission", "pk": 59, "fields": {"name": "Can delete payment", "content_type": 15, "codename": "delete_payment"}}, {"model": "auth.permission", "pk": 60, "fields": {"name": "Can view payment", "content_type": 15, "codename": "view_payment"}}, {"model": "auth.permission", "pk": 61, "fields": {"name": "Can add ordered food", "content_type": 16, "codename": "add_orderedfood"}}, {"model": "auth.permission", "pk": 62, "fields": {"name": "Can change ordered food", "content_type": 16, "codename": "change_orderedfood"}}, {"model": "auth.permission", "pk": 63, "fields": {"name": "Can delete ordered food", "content_type": 16, "codename": "delete_orderedfood"}}, {"model": "auth.permission", "pk": 64, "fields": {"name": "Can view ordered food", "content_type": 16, "codename": "view_orderedfood"}}, {"model": "contenttypes.contenttype", "pk": 1, "fields": {"app_label": "admin", "model": "logentry"}}, {"model": "contenttypes.contenttype", "pk": 2, "fields": {"app_label": "auth", "model": "permission"}}, {"model": "contenttypes.contenttype", "pk": 3, "fields": {"app_label": "auth", "model": "group"}}, {"model": "contenttypes.contenttype", "pk": 4, "fields": {"app_label": "contenttypes", "model": "contenttype"}}, {"model": "contenttypes.contenttype", "pk": 5, "fields": {"app_label": "sessions", "model": "session"}}, {"model": "contenttypes.contenttype", "pk": 6, "fields": {"app_label": "accounts", "model": "user"}}, {"model": "contenttypes.contenttype", "pk": 7, "fields": {"app_label": "accounts", "model": "userprofile"}}, {"model": "contenttypes.contenttype", "pk": 8, "fields": {"app_label": "vendor", "model": "vendor"}}, {"model": "contenttypes.contenttype", "pk": 9, "fields": {"app_label": "menu", "model": "category"}}, {"model": "contenttypes.contenttype", "pk": 10, "fields": {"app_label": "menu", "model": "fooditem"}}, {"model": "contenttypes.contenttype", "pk": 11, "fields": {"app_label": "marketplace", "model": "cart"}}, {"model": "contenttypes.contenttype", "pk": 12, "fields": {"app_label": "vendor", "model": "openinghour"}}, {"model": "contenttypes.contenttype", "pk": 13, "fields": {"app_label": "marketplace", "model": "tax"}}, {"model": "contenttypes.contenttype", "pk": 14, "fields": {"app_label": "orders", "model": "order"}}, {"model": "contenttypes.contenttype", "pk": 15, "fields": {"app_label": "orders", "model": "payment"}}, {"model": "contenttypes.contenttype", "pk": 16, "fields": {"app_label": "orders", "model": "orderedfood"}}, {"model": "sessions.session", "pk": "0gin4fklyb4i75g2sqjkwp32llb0nqvn", "fields": {"session_data": ".eJxVjDsOwjAQRO_iGln-rSGU9DmD5fWucQDZUpxUiLuTSClA0817M28R4rqUsHaew0TiKrQ4_XYY05PrDugR673J1OoyTyh3RR60y7ERv26H-3dQYi_bGrxyZI0n1Bb9RVFU3qBnTgRsXAbgLSqzG0gD-KwHPmtLkDNDRic-X9_iODc:1rRFGT:bLSCqPPPKZSOPysPLJecMIQkRDKjQQ4uTfA9Z5CPWV0", "expire_date": "2024-02-03T17:36:17.587Z"}}, {"model": "sessions.session", "pk": "10x1mfbbrgfr9bax87829cp4aasyy5ne", "fields": {"session_data": ".eJxVjDsOwjAQBe_iGln-LY4p6XMGy-td4wBypDipEHeHSCmgfTPzXiKmba1x67zEicRF6EGcfkdM-cFtJ3RP7TbLPLd1mVDuijxol-NM_Lwe7t9BTb1-6-SCZnTBgfJgMGcwZPDsMRRlg89cBq2wIHljiNizAms9BISCNrsg3h8LzjhC:1qSUJf:7FrODjUw7Yg9vCUxOoQ5m9pQgJH4RFtI3jLowQwy4Kw", "expire_date": "2023-08-20T03:20:27.718Z"}}, {"model": "sessions.session", "pk": "1bc2be1n0x59p6d4htnjixti5jme2n8w", "fields": {"session_data": ".eJxVjEEOwiAQRe_C2hCwTEGX7nuGZpgZpGogKe3KeHfbpAvdvvf-f6sR1yWPa5N5nFhdVWfU6RdGpKeU3fADy71qqmWZp6j3RB-26aGyvG5H-3eQseVtTR6CQ4pnluR6ALHC7FKynrzZACehQGLQUMJkBC6dB3EOeowWAqjPFzbaOPw:1rx7qY:DuCXVjrzksKtfU30r9NLpb0rXaYYW_TlsmUT9whqld0", "expire_date": "2024-05-01T16:09:18.185Z"}}, {"model": "sessions.session", "pk": "1yrmocgjlljbm817tmubi72arc8onz30", "fields": {"session_data": ".eJxVjEsOwjAMBe-SNYqcxHEaluw5Q2UnFi2gRupnhbg7VOoCtm9m3sv0vK1Dvy0692M1Z-PM6XcTLg-ddlDvPN2aLW1a51HsrtiDLvbaqj4vh_t3MPAyfOvs0PvoPJLGmhIoRcrMgkGzZ0eomJMgAEmCBFS6AEGKoMROsiPz_gCn7zZ7:1qc6PC:fKdlKcwjX2HrkIc9pbxTYS08Oi83e05n3ymxp0o_V2o", "expire_date": "2023-09-15T15:49:54.423Z"}}, {"model": "sessions.session", "pk": "21xqmf4axomtqm18gp6eagpmxje8fn5n", "fields": {"session_data": ".eJxVjEEOwiAQRe_C2pCWAgMu3XsGMjCMVA0kpV0Z765NutDtf-_9lwi4rSVsPS9hJnEWozj9bhHTI9cd0B3rrcnU6rrMUe6KPGiX10b5eTncv4OCvXxrp43TzJjTRMYiKyAeyDJGSIgTkCedfFIOplEToGe2ll0EA0NU5MT7AxFnOOE:1rSyW4:iXhdRRt-Y71JfCwJ8ZXPevXj29t8YuOllAATdFBnQpA", "expire_date": "2024-02-08T12:07:32.606Z"}}, {"model": "sessions.session", "pk": "3d1fpolltnb2yr68fagwj4lunm0tu29t", "fields": {"session_data": ".eJxVjMEOwiAQRP-FsyG7tFjw6L3fQBZ2laqBpLQn47_bJj3ocea9mbcKtC45rE3mMLG6KHTq9FtGSk8pO-EHlXvVqZZlnqLeFX3QpsfK8roe7t9Bppa3tUODnMB48r3cOuzFEhqWbvBnEG_ARMAOhcQxs7MSt2yTJfBAQyL1-QL6kjgW:1rspXo:erQtmtou9oZj5XxszSG1SmegePpzy4WrpjYlKI76fK0", "expire_date": "2024-04-19T19:48:12.940Z"}}, {"model": "sessions.session", "pk": "52oia7lzcdwu5otlp2ccvtp5bty0wfb9", "fields": {"session_data": ".eJxVjTsOgzAQBe_iOrK868Vrp0zPGdDaRkCCjMSninL3GImGdmb03lfNsqunAq8bNGSNVQ81l6Eitto3jslyRZ0c-9gdW792U64Swx1GSZ--nCa_pQyLTkvZ1ynqM9GX3XS75H5-Xe1tYJRtPE8ZAzABRmeQIGKwPnFIDqRSEKBqsgVy2QszccNeIoUExAaNUb8_Fo4-VA:1rbDDK:yisU7UzEpfkd3lPRP-SQrzSwKABsiCdTVJ5ojzPJXhY", "expire_date": "2024-03-02T05:26:14.502Z"}}, {"model": "sessions.session", "pk": "5r95re60g4e1uzmy510wkoxrir5erhjy", "fields": {"session_data": ".eJxVjEsOwjAMBe-SNYqcxHEaluw5Q2UnFi2gRupnhbg7VOoCtm9m3sv0vK1Dvy0692M1Z-PM6XcTLg-ddlDvPN2aLW1a51HsrtiDLvbaqj4vh_t3MPAyfOvs0PvoPJLGmhIoRcrMgkGzZ0eomJMgAEmCBFS6AEGKoMROsiPz_gCn7zZ7:1qQmxh:DxgCbR9m7u_TaASGAnX0J3PMd0mmW9GUJmig0GKvpMU", "expire_date": "2023-08-15T10:50:45.521Z"}}, {"model": "sessions.session", "pk": "6w7olxab3904pn2v1ma2hsn6v8yr3n7p", "fields": {"session_data": "eyJsYXQiOiIxNy42NDk3IiwibG5nIjoiNzMuNDY0NDg2In0:1rbDL8:8L-uB6FmXQAwe1b21p8uvMOTZcjq01CS-Ye-xn_XCv0", "expire_date": "2024-03-02T05:34:18.061Z"}}, {"model": "sessions.session", "pk": "8hx1boal9peyyhjnukzc0mgeq3hhb5kj", "fields": {"session_data": "eyJsYXQiOiIxNy41MzE1MTM5IiwibG5nIjoiNzMuNTUxOTYzNiJ9:1rbMjh:PXBTrdbgbHtBWEgCzPtP8ILb9QbBtPJ_4sFEl-0EXLc", "expire_date": "2024-03-02T15:36:17.368Z"}}, {"model": "sessions.session", "pk": "a971hi857neuc311th0g0zlrrs1t3a64", "fields": {"session_data": ".eJxVjM0OwiAQhN-FsyH8dLvg0bvPQHYBpWogKe3J-O62SQ96mmS-b-YtAq1LCWvPc5iSOAutxOm3ZIrPXHeSHlTvTcZWl3liuSvyoF1eW8qvy-H-HRTqZVsze_DGU9wCY0YYHWPWWhFpcJYMYRrszSJHHKIzyKi0dyMCGyAg8fkC-uI3gQ:1qL3AE:U6QFtVbwRMP-IuWyLNyUVrixMxU9xhYitg_98iGpv4w", "expire_date": "2023-07-30T14:55:58.604Z"}}, {"model": "sessions.session", "pk": "ahnndo33h4at5fj1rk4ihz4f88p8jyks", "fields": {"session_data": ".eJxVjMsOwiAQRf-FtSFloDxcuvcbGphhpGogKe3K-O_apAvd3nPOfYkpbmuZtp6XaSZxFmDF6XdMER-57oTusd6axFbXZU5yV-RBu7w2ys_L4f4dlNjLt_aoAw_AiQygNegsu5Es-KQZEZA4MACDz1mxzir4UY2ReWATSJET7w8lDjjh:1qzeYf:lRd7LgKLmxgkGk9rbIno7GVUlpOw5MUrHtAX2eLB8ts", "expire_date": "2023-11-19T14:57:01.871Z"}}, {"model": "sessions.session", "pk": "ar895reav01w50rvupgmezt3k2d9g2ok", "fields": {"session_data": "eyJ1aWQiOiIyNyJ9:1qztGS:8J4_mppp1HuJyEerswtGzHsikgrK0uAPBqrdqZMpN3c", "expire_date": "2023-11-20T06:39:12.910Z"}}, {"model": "sessions.session", "pk": "b7wdiu38mhgb5pawkxugx8pjagf3i6t7", "fields": {"session_data": ".eJxVjEEOgjAQRe_StWmYzhSnLt1zBjKlg6CmTSisjHdXEha6_e-9_zK9bOvUb1WXfk7mYhDM6XeMMjw07yTdJd-KHUpelznaXbEHrbYrSZ_Xw_07mKRO3zoQQAM4OkiRnVd0jGf1IYgHBmRS5sEFlzxhaIXaqDhiJG2UhKEx7w_JaDa4:1rtUI9:FHLomCn9dZyKxmkX7XPFzGeFmNHWQgjLWgENObTn_fM", "expire_date": "2024-04-21T15:18:45.163Z"}}, {"model": "sessions.session", "pk": "bi4g2lcbgv1whs6bcdyexmtb30uh8t9q", "fields": {"session_data": ".eJxVjDsOwjAQBe_iGllO_KekzxmsXduLA8iW4qRC3J1ESgHtm5n3ZgG2tYSt5yXMiV3ZwC6_G0J85nqA9IB6bzy2ui4z8kPhJ-18aim_bqf7d1Cgl72mTOQIpSOw3g9eW2cpe6WctE5rKaRNzmilhEdvDEaRBBDEccS9M4l9vuA1N9g:1rSKZe:dx4jvng_PpT6V0INigHb8CnfcXpsg_MdxqMAV0cjTBE", "expire_date": "2024-02-06T17:28:34.971Z"}}, {"model": "sessions.session", "pk": "dgsbzl3nm8urtjkdv5ursu8c354hqcy8", "fields": {"session_data": ".eJxVjEEOgjAQRe_StWmYzhSnLt1zBjKlg6CmTSisjHdXEha6_e-9_zK9bOvUb1WXfk7mYhDM6XeMMjw07yTdJd-KHUpelznaXbEHrbYrSZ_Xw_07mKRO3zoQQAM4OkiRnVd0jGf1IYgHBmRS5sEFlzxhaIXaqDhiJG2UhKEx7w_JaDa4:1rtjR1:QuMDVV9UZdQGWBk4fQVtQTgg8qhMLT9ffuKNLjuuXxE", "expire_date": "2024-04-22T07:28:55.475Z"}}, {"model": "sessions.session", "pk": "dwn7yn6sg31y1goo9het46toc2gu93fu", "fields": {"session_data": ".eJxVjEEOgjAQRe_StWmYzhSnLt1zBjKlg6CmTSisjHdXEha6_e-9_zK9bOvUb1WXfk7mYhDM6XeMMjw07yTdJd-KHUpelznaXbEHrbYrSZ_Xw_07mKRO3zoQQAM4OkiRnVd0jGf1IYgHBmRS5sEFlzxhaIXaqDhiJG2UhKEx7w_JaDa4:1rvIDW:KtCzxodimMBj-UfITuHlrJIoNLJQQVYFnnQCqEsp1D0", "expire_date": "2024-04-26T14:49:26.820Z"}}, {"model": "sessions.session", "pk": "fa6hm6h7nj6pfjt5tzypstxm0gn0hvou", "fields": {"session_data": ".eJxVjEEOgjAQRe_StWmYzhSnLt1zBjKlg6CmTSisjHdXEha6_e-9_zK9bOvUb1WXfk7mYhDM6XeMMjw07yTdJd-KHUpelznaXbEHrbYrSZ_Xw_07mKRO3zoQQAM4OkiRnVd0jGf1IYgHBmRS5sEFlzxhaIXaqDhiJG2UhKEx7w_JaDa4:1rvZKr:hUXIdI6ONJ5-QzcftkS9gJGHKPE4AOHvqxTtTgqmTFM", "expire_date": "2024-04-27T09:06:09.834Z"}}, {"model": "sessions.session", "pk": "fys29ok80re3ko0puruu3iv8es9v322d", "fields": {"session_data": ".eJxVjEsOwjAMBe-SNYqcxHEaluw5Q2UnFi2gRupnhbg7VOoCtm9m3sv0vK1Dvy0692M1Z-PM6XcTLg-ddlDvPN2aLW1a51HsrtiDLvbaqj4vh_t3MPAyfOvs0PvoPJLGmhIoRcrMgkGzZ0eomJMgAEmCBFS6AEGKoMROsiPz_gCn7zZ7:1quEKc:DACN2m_AwMPhdEnabfnfXQB9WYLphTWLc2o-GbPuxx8", "expire_date": "2023-11-04T15:56:06.028Z"}}, {"model": "sessions.session", "pk": "i9eiwbqaos8p1e8gwdk3wvqr3rdwdhyh", "fields": {"session_data": ".eJxVjEEOgjAQRe_StWmYzhSnLt1zBjKlg6CmTSisjHdXEha6_e-9_zK9bOvUb1WXfk7mYhDM6XeMMjw07yTdJd-KHUpelznaXbEHrbYrSZ_Xw_07mKRO3zoQQAM4OkiRnVd0jGf1IYgHBmRS5sEFlzxhaIXaqDhiJG2UhKEx7w_JaDa4:1ruFyY:Dh6qUtY23Hjf52fgIiQk1UibAHG2Yn1n47jVYpGp-X0", "expire_date": "2024-04-23T18:13:42.851Z"}}, {"model": "sessions.session", "pk": "igr5i3o2rra8cil2znrtjyucdhvzj1z7", "fields": {"session_data": ".eJxVjEEOgjAQRe_StWmYzhSnLt1zBjKlg6CmTSisjHdXEha6_e-9_zK9bOvUb1WXfk7mYhDM6XeMMjw07yTdJd-KHUpelznaXbEHrbYrSZ_Xw_07mKRO3zoQQAM4OkiRnVd0jGf1IYgHBmRS5sEFlzxhaIXaqDhiJG2UhKEx7w_JaDa4:1rtQs4:DNAsLKazxKQqDjWZ2NY8i_fMt4OP7cPJ6y3hIO98vSo", "expire_date": "2024-04-21T11:39:36.253Z"}}, {"model": "sessions.session", "pk": "iobbkglv45s13vogl7gqbgwj6gwucf09", "fields": {"session_data": ".eJxVjEsOwjAMBe-SNYqcxHEaluw5Q2UnFi2gRupnhbg7VOoCtm9m3sv0vK1Dvy0692M1Z-PM6XcTLg-ddlDvPN2aLW1a51HsrtiDLvbaqj4vh_t3MPAyfOvs0PvoPJLGmhIoRcrMgkGzZ0eomJMgAEmCBFS6AEGKoMROsiPz_gCn7zZ7:1qsIKd:-akYAzFxgj8EMVAp5UE_qRY6_YQ9uqcdbFNLRqXdgF8", "expire_date": "2023-10-30T07:48:07.609Z"}}, {"model": "sessions.session", "pk": "jmzzdf0ve5c923dje3m4jfq8kmlnszda", "fields": {"session_data": ".eJxVjEsOwjAMBe-SNYqcxHEaluw5Q2UnFi2gRupnhbg7VOoCtm9m3sv0vK1Dvy0692M1Z-PM6XcTLg-ddlDvPN2aLW1a51HsrtiDLvbaqj4vh_t3MPAyfOvs0PvoPJLGmhIoRcrMgkGzZ0eomJMgAEmCBFS6AEGKoMROsiPz_gCn7zZ7:1qr9yE:d0o7e-u0nZdmEjig1bvrCFzdMyRd9M0jUkLqkbcfP4g", "expire_date": "2023-10-27T04:40:18.203Z"}}, {"model": "sessions.session", "pk": "jwivabf97y64k7d4c4j4i0ef8bsd7scn", "fields": {"session_data": ".eJxVjMsOwiAQRf-FtSF0eAy6dN9vIAMMUjU0Ke3K-O_apAvd3nPOfYlA21rD1nkJUxYXMYjT7xYpPbjtIN-p3WaZ5rYuU5S7Ig_a5Thnfl4P9--gUq_fGjUVYAOFreIz5cSOnFYRFbFlBWSQDSo_ZI_Fae0UJJO8RzAWOKJ4fwDwCDef:1rT3im:cLHrhw95_SAT3R7TxbgKZwKa1mSrun7WWoT1eFMNZ4o", "expire_date": "2024-02-08T17:41:00.670Z"}}, {"model": "sessions.session", "pk": "kfj74vzw7zc7ona6xmh19dv8xynmvsvd", "fields": {"session_data": ".eJxVjEEOgjAQRe_StWmYzhSnLt1zBjKlg6CmTSisjHdXEha6_e-9_zK9bOvUb1WXfk7mYhDM6XeMMjw07yTdJd-KHUpelznaXbEHrbYrSZ_Xw_07mKRO3zoQQAM4OkiRnVd0jGf1IYgHBmRS5sEFlzxhaIXaqDhiJG2UhKEx7w_JaDa4:1razXu:jQObNoRz_bGd7drBDEEreGMmd3EV9Cbw6qn-uGw6oso", "expire_date": "2024-03-01T14:50:34.424Z"}}, {"model": "sessions.session", "pk": "kg6yphzmhvznu0mk2aihmowglxpvrsas", "fields": {"session_data": "eyJ1aWQiOiIxIn0:1qMMgs:zH0WtLtez-SscHs0P0aSaiMKNXHwkHkHFIAQekHE2yo", "expire_date": "2023-08-03T05:59:06.650Z"}}, {"model": "sessions.session", "pk": "kmr2l5h9x3pukrxdvm0t5jqsr59csr6l", "fields": {"session_data": ".eJxVjEEOwiAQRe_C2pAywFBcuvcMZMqAVA0kpV0Z765NutDtf-_9lwi0rSVsPS1hZnEWYMTpd5woPlLdCd-p3pqMra7LPMldkQft8to4PS-H-3dQqJdvnZJzLg4IkbQZrVYZIxP5iVCjstmjZZ2ZNKEhAHAKvGPW3o6EA4N4fwAMvjfX:1qQmzS:XIh2fYUv40b2yjJNMa1vRPDST2iNc_3dvxOaSusXZIE", "expire_date": "2023-08-15T10:52:34.996Z"}}, {"model": "sessions.session", "pk": "mougxybohmtozljxbuc88mafa6qgz0m1", "fields": {"session_data": ".eJxVjMsOwiAQRf-FtSF0eAy6dN9vIAMMUjU0Ke3K-O_apAvd3nPOfYlA21rD1nkJUxYXMYjT7xYpPbjtIN-p3WaZ5rYuU5S7Ig_a5Thnfl4P9--gUq_fGjUVYAOFreIz5cSOnFYRFbFlBWSQDSo_ZI_Fae0UJJO8RzAWOKJ4fwDwCDef:1rVF4P:k-9eMQPeN6GbO2MmK1owz0HpaURRrya2BRN49XunZjQ", "expire_date": "2024-02-14T18:12:21.438Z"}}, {"model": "sessions.session", "pk": "ofk2jfam0wjuu0ug5pqs0hxfng9dx2ab", "fields": {"session_data": ".eJxVjEEOwiAQRe_C2hCYdrC4dN8zkAFmpGpoUtqV8e7apAvd_vfef6lA21rC1ngJU1YXZQd1-h0jpQfXneQ71dus01zXZYp6V_RBmx7nzM_r4f4dFGrlW3uwTIzgRYCMCGUmkzGiYxNRCDo6ewO2d4k9AMmArnOcWWwvSKjeHzHdOPA:1r2tVp:bI0fVeladUMFOzv7UyKskLtkzuUkql8LVH-lblff79g", "expire_date": "2023-11-28T13:31:29.670Z"}}, {"model": "sessions.session", "pk": "oskdc48yspfpvytlmsrztb4bgzpn1uti", "fields": {"session_data": "eyJsYXQiOiIxNy41MzE1MTM5IiwibG5nIjoiNzMuNTUxOTYzNiJ9:1rbMbg:MOJfcvYapZ6dsEOIc9VozLrikqHjFFLcDpXIJjY6SqM", "expire_date": "2024-03-02T15:28:00.162Z"}}, {"model": "sessions.session", "pk": "q83qan8vtq3n5cx7gp4bjpie92kdw4v3", "fields": {"session_data": ".eJxVjMEOwiAQRP-FsyGlC3Tx6L3fQBaWStVAUtqT8d9tkx70Npn3Zt7C07Zmv7W0-JnFVSgUl98yUHymchB-ULlXGWtZlznIQ5EnbXKsnF630_07yNTyvtaqZ4OaJ4MKSQMP4IjZQGJrBmMtpOCg24O2yDHS5BAAXOgcQ69AfL7wVTcy:1qtO2g:TssTdj_SEbfaYFqrtMueudSjuGRd1kEz9Et_Zc5S5Vs", "expire_date": "2023-11-02T08:06:06.908Z"}}, {"model": "sessions.session", "pk": "qr4m63drg8s85zorspttvakpy7uzmsm3", "fields": {"session_data": ".eJxVjEsOwjAMBe-SNYqcxHEaluw5Q2UnFi2gRupnhbg7VOoCtm9m3sv0vK1Dvy0692M1Z-PM6XcTLg-ddlDvPN2aLW1a51HsrtiDLvbaqj4vh_t3MPAyfOvs0PvoPJLGmhIoRcrMgkGzZ0eomJMgAEmCBFS6AEGKoMROsiPz_gCn7zZ7:1qkJzO:jItcT-nZjZPepFjIx_gCo8BDs-2S-r35mS3wmATR7xA", "expire_date": "2023-10-08T07:57:14.851Z"}}, {"model": "sessions.session", "pk": "rqrszhikp9beuzlgdtjula03itv1dul2", "fields": {"session_data": "e30:1qLIP7:59yNTZLMoU7qpe1CbT2X9hH7fbI9dkL7akquIdOd33k", "expire_date": "2023-07-31T07:12:21.879Z"}}, {"model": "sessions.session", "pk": "syyx29vhwyekibz9koa492pjg4czhgkk", "fields": {"session_data": ".eJxVjDsOwjAQBe_iGllO_KekzxmsXduLA8iW4qRC3J1ESgHtm5n3ZgG2tYSt5yXMiV3ZwC6_G0J85nqA9IB6bzy2ui4z8kPhJ-18aim_bqf7d1Cgl72mTOQIpSOw3g9eW2cpe6WctE5rKaRNzmilhEdvDEaRBBDEccS9M4l9vuA1N9g:1rRVK3:lrw_hnk_T0vthAsOp-_mOoa8ECUTBwnY3aqVafl5dUY", "expire_date": "2024-02-04T10:45:03.870Z"}}, {"model": "sessions.session", "pk": "szyay8e3ktbi4zzzgc19hbzfrjsfrdog", "fields": {"session_data": ".eJxVjEsOwjAMBe-SNYqcxHEaluw5Q2UnFi2gRupnhbg7VOoCtm9m3sv0vK1Dvy0692M1Z-PM6XcTLg-ddlDvPN2aLW1a51HsrtiDLvbaqj4vh_t3MPAyfOvs0PvoPJLGmhIoRcrMgkGzZ0eomJMgAEmCBFS6AEGKoMROsiPz_gCn7zZ7:1qzf3o:JuEjGCtPsbGR6lWQ0YtQa_wBZceYNjRQXMzpZljs4Vk", "expire_date": "2023-11-19T15:29:12.714Z"}}, {"model": "sessions.session", "pk": "tujvbv2p2rmvfcmkadtwm9cvti50r46n", "fields": {"session_data": ".eJxVjEsOwjAMBe-SNYqcxHEaluw5Q2UnFi2gRupnhbg7VOoCtm9m3sv0vK1Dvy0692M1Z-PM6XcTLg-ddlDvPN2aLW1a51HsrtiDLvbaqj4vh_t3MPAyfOvs0PvoPJLGmhIoRcrMgkGzZ0eomJMgAEmCBFS6AEGKoMROsiPz_gCn7zZ7:1qvV0F:9qeuIRSHfHaF8zSqMki23v7M2lLs3-f2kNDHDkW0MiQ", "expire_date": "2023-11-08T03:56:19.229Z"}}, {"model": "sessions.session", "pk": "uo0i5mone5ckrjaqp8t1qhzpevr1l7cq", "fields": {"session_data": ".eJxVjEEOgjAQRe_StWmYzhSnLt1zBjKlg6CmTSisjHdXEha6_e-9_zK9bOvUb1WXfk7mYhDM6XeMMjw07yTdJd-KHUpelznaXbEHrbYrSZ_Xw_07mKRO3zoQQAM4OkiRnVd0jGf1IYgHBmRS5sEFlzxhaIXaqDhiJG2UhKEx7w_JaDa4:1ruwGy:BeUX-P0sDBw94zKef9E0iQsL0n6KfMXvzkIJwZePMNk", "expire_date": "2024-04-25T15:23:32.613Z"}}, {"model": "sessions.session", "pk": "uo85uj96th2g6viheml5dsn091b0avlc", "fields": {"session_data": ".eJxVjEsOwjAMBe-SNYqcxHEaluw5Q2UnFi2gRupnhbg7VOoCtm9m3sv0vK1Dvy0692M1Z-PM6XcTLg-ddlDvPN2aLW1a51HsrtiDLvbaqj4vh_t3MPAyfOvs0PvoPJLGmhIoRcrMgkGzZ0eomJMgAEmCBFS6AEGKoMROsiPz_gCn7zZ7:1qlMGK:PCUWil4GwFNBb3bS--h8P1vmS_-TKhSt_Dd9LjzCnnc", "expire_date": "2023-10-11T04:35:00.842Z"}}, {"model": "sessions.session", "pk": "uzxhturakvnh1untlqkrgr2ht4yewtoh", "fields": {"session_data": ".eJxVjEEOgjAQRe_StWmYzhSnLt1zBjKlg6CmTSisjHdXEha6_e-9_zK9bOvUb1WXfk7mYhDM6XeMMjw07yTdJd-KHUpelznaXbEHrbYrSZ_Xw_07mKRO3zoQQAM4OkiRnVd0jGf1IYgHBmRS5sEFlzxhaIXaqDhiJG2UhKEx7w_JaDa4:1rx6nb:QDZO7gSnQSTUmmwHBBdFNdftlS0lhpWEuXX6ETLpbWw", "expire_date": "2024-05-01T15:02:11.757Z"}}, {"model": "sessions.session", "pk": "va186sbhpw2ps19i0n85ba2n3n0kmz6n", "fields": {"session_data": ".eJxVjMsOwiAQRf-FtSF0eAy6dN9vIAMMUjU0Ke3K-O_apAvd3nPOfYlA21rD1nkJUxYXMYjT7xYpPbjtIN-p3WaZ5rYuU5S7Ig_a5Thnfl4P9--gUq_fGjUVYAOFreIz5cSOnFYRFbFlBWSQDSo_ZI_Fae0UJJO8RzAWOKJ4fwDwCDef:1rayyL:CIbZDP4j8Xa1HhTAQln-oKZ3gKD5MFDkd5flpoGqYKk", "expire_date": "2024-03-01T14:13:49.709Z"}}, {"model": "accounts.user", "pk": 18, "fields": {"password": "pbkdf2_sha256$600000$8x9jOgZGfnDGt6V5spIK3T$lXZMMK9xw5tTcyKhRHg3cxKAnn4X+IqX/T+RqHI2/I8=", "first_name": "Prasad", "last_name": "Jadhav", "username": "Djangoadmin022", "email": "amazonkatta2002@gmail.com", "phone_number": "", "role": 1, "date_joined": "2023-07-17T16:18:05.999Z", "last_login": "2024-04-13T09:09:44.376Z", "created_date": "2023-07-17T16:18:05.999Z", "modified_date": "2023-07-17T16:18:05.999Z", "is_admin": false, "is_staff": false, "is_active": true, "is_superadmin": false}}, {"model": "accounts.user", "pk": 26, "fields": {"password": "pbkdf2_sha256$600000$K7GCUbZ3RpXUuFJeoFR7wY$8nDbBswPuyIX40i4lFoDwb2O+j6900Cwezt5j98+O9U=", "first_name": "Rutik", "last_name": "Khedekar", "username": "crave0123", "email": "craveconnectz@gmail.com", "phone_number": "", "role": 1, "date_joined": "2023-11-05T14:54:36.739Z", "last_login": "2024-02-16T16:03:35.572Z", "created_date": "2023-11-05T14:54:36.739Z", "modified_date": "2023-11-05T14:54:36.739Z", "is_admin": false, "is_staff": false, "is_active": true, "is_superadmin": false}}, {"model": "accounts.user", "pk": 29, "fields": {"password": "pbkdf2_sha256$600000$vhtgN2x8p4lCjoCzfiDEpx$hJH4Wn9b8SAYEi3JMqPnopkOXdt7koaYS4I9iX6l2Uk=", "first_name": "Third", "last_name": "Hotel", "username": "nothing", "email": "third.amazonkatta2002@gmail.com", "phone_number": "", "role": 1, "date_joined": "2024-01-20T17:34:45.319Z", "last_login": "2024-04-17T16:07:46.564Z", "created_date": "2024-01-20T17:34:45.319Z", "modified_date": "2024-01-20T17:34:45.319Z", "is_admin": false, "is_staff": false, "is_active": true, "is_superadmin": false}}, {"model": "accounts.user", "pk": 30, "fields": {"password": "pbkdf2_sha256$600000$WE7xvnq1IMbQKV9FGQAYGQ$wWaCtuLKGJgi1botVyh8cHUxwA3bLUniMNdDSUMfnfc=", "first_name": "omkar", "last_name": "jadhav", "username": "jadhavomkar8087@gmail.com", "email": "jadhavomkar8087@gmail.com", "phone_number": "8087376383", "role": 2, "date_joined": "2024-02-16T14:19:42.406Z", "last_login": "2024-04-17T16:09:18.175Z", "created_date": "2024-02-16T14:19:42.406Z", "modified_date": "2024-02-16T14:19:42.406Z", "is_admin": false, "is_staff": false, "is_active": true, "is_superadmin": false}}, {"model": "accounts.user", "pk": 31, "fields": {"password": "pbkdf2_sha256$600000$VwwX6qG0iynvqAwkg1uRKh$qcn2UqV5WrbqlD1S3rZu/rmHtobDONqLoi5vL70J554=", "first_name": "omkar", "last_name": "jadhav", "username": "Password@123", "email": "omkarjadhav8087@gmail.com", "phone_number": "", "role": 2, "date_joined": "2024-02-16T14:45:32.922Z", "last_login": "2024-04-17T15:02:11.748Z", "created_date": "2024-02-16T14:45:32.922Z", "modified_date": "2024-02-16T14:45:32.922Z", "is_admin": true, "is_staff": true, "is_active": true, "is_superadmin": true}}, {"model": "accounts.user", "pk": 32, "fields": {"password": "pbkdf2_sha256$600000$syI6hjVBGj4CdC1I0GeKgJ$JQ6V1orw9c21KgwOk2nc6PF9Z8wI1X/CEBqd2IG8jP8=", "first_name": "four", "last_name": "hotel", "username": "Fourth.amazonkatta2002@gmail.com", "email": "Fourth.amazonkatta2002@gmail.com", "phone_number": "", "role": 1, "date_joined": "2024-02-16T15:20:30.434Z", "last_login": "2024-02-16T16:03:03.055Z", "created_date": "2024-02-16T15:20:30.434Z", "modified_date": "2024-02-16T15:20:30.434Z", "is_admin": false, "is_staff": false, "is_active": true, "is_superadmin": false}}, {"model": "accounts.userprofile", "pk": 17, "fields": {"user": 18, "profile_picture": "user/profile_pictures/rooftop.jpg", "cover_photo": "users/cover_photos/cover-photo-2.PNG", "address": "Chiplun S T Bus stand, Vireshwar Colony, Chiplun, Maharashtra, India", "country": "India", "state": "Maharashtra", "city": "Chiplun", "pin_code": "415605", "latitude": "17.5251424", "longitude": "73.5146579", "location": "SRID=4326;POINT (73.5146579 17.5251424)", "created_at": "2023-07-17T16:18:06.024Z", "modified_at": "2024-04-13T09:09:44.398Z"}}, {"model": "accounts.userprofile", "pk": 25, "fields": {"user": 26, "profile_picture": "user/profile_pictures/happy_Dhaba.jpg", "cover_photo": "users/cover_photos/cover-photo-4.PNG", "address": "Chiplun - Karad Road, Kherdi Maliwadi, Chiplun, Maharashtra, India", "country": "India", "state": "Maharashtra", "city": "Chiplun", "pin_code": "415605", "latitude": "17.5218705", "longitude": "73.5389623", "location": "SRID=4326;POINT (73.5389623 17.5218705)", "created_at": "2023-11-05T14:54:36.767Z", "modified_at": "2024-02-16T16:03:35.585Z"}}, {"model": "accounts.userprofile", "pk": 28, "fields": {"user": 29, "profile_picture": "user/profile_pictures/third_hotel.png", "cover_photo": "users/cover_photos/banner-img.jpg", "address": "Pir Lote, Dhamandevi, Maharashtra, India", "country": "India", "state": "Maharashtra", "city": "Dhamandevi", "pin_code": "415605", "latitude": "17.582987", "longitude": "73.494337", "location": "SRID=4326;POINT (73.494337 17.582987)", "created_at": "2024-01-20T17:34:45.359Z", "modified_at": "2024-04-17T16:07:46.578Z"}}, {"model": "accounts.userprofile", "pk": 30, "fields": {"user": 30, "profile_picture": "user/profile_pictures/customer.jpg", "cover_photo": "users/cover_photos/chicken_65_4.JPG", "address": "Kalambaste naka, National Highway 66, Kalambaste, Chiplun, Maharashtra, India", "country": "India", "state": "Maharashtra", "city": "Chiplun", "pin_code": "415604", "latitude": "17.5289876", "longitude": "73.5387532", "location": "SRID=4326;POINT (73.5387532 17.5289876)", "created_at": "2024-02-16T14:19:42.413Z", "modified_at": "2024-04-17T16:09:18.182Z"}}, {"model": "accounts.userprofile", "pk": 31, "fields": {"user": 31, "profile_picture": "", "cover_photo": "", "address": null, "country": null, "state": null, "city": null, "pin_code": null, "latitude": null, "longitude": null, "location": null, "created_at": "2024-02-16T14:45:32.961Z", "modified_at": "2024-04-17T15:02:11.755Z"}}, {"model": "accounts.userprofile", "pk": 35, "fields": {"user": 32, "profile_picture": "user/profile_pictures/canva-retro-vector-gold-frames-luxury-decorative-logo-template-WBEkc3CZ-Xo.jpg", "cover_photo": "users/cover_photos/default-cover.PNG", "address": "Khed machhi market, Teen Batti, naka, Khed, Maharashtra, India", "country": "India", "state": "Maharashtra", "city": "Khed", "pin_code": "415709", "latitude": "17.7165955", "longitude": "73.3954746", "location": "SRID=4326;POINT (73.3954746 17.7165955)", "created_at": "2024-02-16T15:20:30.458Z", "modified_at": "2024-02-16T16:03:03.064Z"}}, {"model": "vendor.vendor", "pk": 2, "fields": {"user": 18, "user_profile": 17, "vendor_name": "First Hotel", "vendor_slug": "sunShine_Hotel123", "vendor_license": "vendor/license/FSSAI-Central-License-Sample-ecommerce_YqvnuXz.png", "is_approved": true, "created_at": "2023-07-17T16:18:06.361Z", "modified_at": "2024-01-21T08:22:36.782Z"}}, {"model": "vendor.vendor", "pk": 4, "fields": {"user": 26, "user_profile": 25, "vendor_name": "Second Hotel", "vendor_slug": "happy-dhabha-26", "vendor_license": "vendor/license/FSSAI-Central-License-Sample-ecommerce_OyOBWDa.png", "is_approved": true, "created_at": "2023-11-05T14:54:36.851Z", "modified_at": "2024-02-16T15:11:47.307Z"}}, {"model": "vendor.vendor", "pk": 6, "fields": {"user": 29, "user_profile": 28, "vendor_name": "Third Hotel", "vendor_slug": "nothing-29", "vendor_license": "vendor/license/Fssai_Basic_License.png", "is_approved": true, "created_at": "2024-01-20T17:34:45.460Z", "modified_at": "2024-02-16T16:03:57.118Z"}}, {"model": "vendor.vendor", "pk": 7, "fields": {"user": 32, "user_profile": 35, "vendor_name": "Fourth Hotel", "vendor_slug": "fourth-hotel-32", "vendor_license": "vendor/license/default-profile_8jCYW9D.PNG", "is_approved": true, "created_at": "2024-02-16T15:20:30.500Z", "modified_at": "2024-02-16T15:27:55.522Z"}}, {"model": "vendor.openinghour", "pk": 15, "fields": {"vendor": 2, "day": 1, "from_hour": "10:00 AM", "to_hour": "10:00 PM", "is_closed": false}}, {"model": "vendor.openinghour", "pk": 16, "fields": {"vendor": 2, "day": 2, "from_hour": "10:00 AM", "to_hour": "10:00 PM", "is_closed": false}}, {"model": "vendor.openinghour", "pk": 17, "fields": {"vendor": 2, "day": 3, "from_hour": "10:00 AM", "to_hour": "11:00 PM", "is_closed": false}}, {"model": "vendor.openinghour", "pk": 18, "fields": {"vendor": 2, "day": 4, "from_hour": "10:00 AM", "to_hour": "11:00 PM", "is_closed": false}}, {"model": "vendor.openinghour", "pk": 19, "fields": {"vendor": 2, "day": 5, "from_hour": "10:00 AM", "to_hour": "10:00 PM", "is_closed": false}}, {"model": "vendor.openinghour", "pk": 20, "fields": {"vendor": 2, "day": 6, "from_hour": "10:00 AM", "to_hour": "10:00 PM", "is_closed": false}}, {"model": "vendor.openinghour", "pk": 21, "fields": {"vendor": 2, "day": 7, "from_hour": "", "to_hour": "", "is_closed": true}}, {"model": "vendor.openinghour", "pk": 22, "fields": {"vendor": 4, "day": 1, "from_hour": "09:00 AM", "to_hour": "11:00 PM", "is_closed": false}}, {"model": "vendor.openinghour", "pk": 23, "fields": {"vendor": 4, "day": 2, "from_hour": "11:00 AM", "to_hour": "11:30 PM", "is_closed": false}}, {"model": "vendor.openinghour", "pk": 24, "fields": {"vendor": 4, "day": 3, "from_hour": "10:00 AM", "to_hour": "10:00 PM", "is_closed": false}}, {"model": "vendor.openinghour", "pk": 25, "fields": {"vendor": 4, "day": 4, "from_hour": "10:30 AM", "to_hour": "11:00 PM", "is_closed": false}}, {"model": "vendor.openinghour", "pk": 26, "fields": {"vendor": 4, "day": 5, "from_hour": "", "to_hour": "", "is_closed": true}}, {"model": "vendor.openinghour", "pk": 27, "fields": {"vendor": 4, "day": 6, "from_hour": "10:00 PM", "to_hour": "11:30 PM", "is_closed": false}}, {"model": "vendor.openinghour", "pk": 28, "fields": {"vendor": 4, "day": 7, "from_hour": "", "to_hour": "", "is_closed": true}}, {"model": "vendor.openinghour", "pk": 29, "fields": {"vendor": 6, "day": 1, "from_hour": "10:00 AM", "to_hour": "11:00 PM", "is_closed": false}}, {"model": "vendor.openinghour", "pk": 30, "fields": {"vendor": 6, "day": 2, "from_hour": "10:00 AM", "to_hour": "11:00 PM", "is_closed": false}}, {"model": "vendor.openinghour", "pk": 31, "fields": {"vendor": 6, "day": 3, "from_hour": "10:00 AM", "to_hour": "11:00 PM", "is_closed": false}}, {"model": "vendor.openinghour", "pk": 33, "fields": {"vendor": 6, "day": 5, "from_hour": "09:00 AM", "to_hour": "11:00 PM", "is_closed": false}}, {"model": "vendor.openinghour", "pk": 34, "fields": {"vendor": 6, "day": 6, "from_hour": "", "to_hour": "", "is_closed": true}}, {"model": "vendor.openinghour", "pk": 35, "fields": {"vendor": 6, "day": 7, "from_hour": "", "to_hour": "", "is_closed": true}}, {"model": "vendor.openinghour", "pk": 36, "fields": {"vendor": 6, "day": 4, "from_hour": "", "to_hour": "", "is_closed": true}}, {"model": "vendor.openinghour", "pk": 37, "fields": {"vendor": 7, "day": 1, "from_hour": "10:00 AM", "to_hour": "10:00 PM", "is_closed": false}}, {"model": "vendor.openinghour", "pk": 38, "fields": {"vendor": 7, "day": 2, "from_hour": "10:00 AM", "to_hour": "09:00 PM", "is_closed": false}}, {"model": "vendor.openinghour", "pk": 39, "fields": {"vendor": 7, "day": 6, "from_hour": "10:00 AM", "to_hour": "09:00 PM", "is_closed": false}}, {"model": "menu.category", "pk": 3, "fields": {"vendor": 2, "category_name": "Chicken", "slug": "chicken", "description": "Test Chicken", "created_at": "2023-09-01T13:43:33.951Z", "updated_at": "2023-09-01T13:43:33.951Z"}}, {"model": "menu.category", "pk": 4, "fields": {"vendor": 2, "category_name": "Sea Food", "slug": "seafood", "description": "The Seafood", "created_at": "2023-09-01T13:44:08.894Z", "updated_at": "2023-09-01T13:44:08.894Z"}}, {"model": "menu.category", "pk": 8, "fields": {"vendor": 2, "category_name": "Burger", "slug": "burger-8", "description": "", "created_at": "2023-11-05T04:25:16.920Z", "updated_at": "2023-11-05T04:25:16.933Z"}}, {"model": "menu.category", "pk": 9, "fields": {"vendor": 4, "category_name": "Pizaa", "slug": "pizaa-9", "description": "", "created_at": "2023-11-05T15:05:58.820Z", "updated_at": "2023-11-05T15:05:58.834Z"}}, {"model": "menu.category", "pk": 10, "fields": {"vendor": 4, "category_name": "Paneer", "slug": "paneer-10", "description": "", "created_at": "2023-11-05T15:33:30.024Z", "updated_at": "2023-11-05T15:33:30.030Z"}}, {"model": "menu.category", "pk": 11, "fields": {"vendor": 4, "category_name": "Chicken", "slug": "chicken-11", "description": "", "created_at": "2024-01-21T08:07:57.532Z", "updated_at": "2024-01-21T08:07:57.558Z"}}, {"model": "menu.category", "pk": 12, "fields": {"vendor": 6, "category_name": "Chicken", "slug": "chicken-12", "description": "", "created_at": "2024-01-21T08:15:38.677Z", "updated_at": "2024-01-21T08:15:38.682Z"}}, {"model": "menu.category", "pk": 13, "fields": {"vendor": 7, "category_name": "Chicken", "slug": "chicken-13", "description": "", "created_at": "2024-02-16T15:49:46.433Z", "updated_at": "2024-02-16T15:49:46.440Z"}}, {"model": "menu.fooditem", "pk": 2, "fields": {"vendor": 2, "category": 3, "food_title": "chicken 65", "slug": "chicken-65", "description": "feee", "price": "102.00", "image": "foodimages/chicken-600x600.jpg", "is_available": true, "created_at": "2023-09-24T06:20:33.011Z", "updated_at": "2024-01-21T10:04:37.005Z"}}, {"model": "menu.fooditem", "pk": 4, "fields": {"vendor": 2, "category": 4, "food_title": "Fish Fry", "slug": "fish-fry", "description": "kjfoiasd", "price": "102.00", "image": "foodimages/tuna-fish.jpg", "is_available": true, "created_at": "2023-09-24T07:55:52.835Z", "updated_at": "2023-10-26T13:51:14.414Z"}}, {"model": "menu.fooditem", "pk": 5, "fields": {"vendor": 2, "category": 3, "food_title": "BBQ chicken", "slug": "bbq-chicken", "description": "BBQ Chicken", "price": "196.00", "image": "foodimages/chicken-barbeque.jpg", "is_available": true, "created_at": "2023-11-05T04:11:04.309Z", "updated_at": "2023-11-05T04:11:04.309Z"}}, {"model": "menu.fooditem", "pk": 6, "fields": {"vendor": 2, "category": 8, "food_title": "Chicken Burger", "slug": "chicken-burger", "description": "", "price": "109.00", "image": "foodimages/burger-600x600.jpg", "is_available": true, "created_at": "2023-11-05T04:25:48.269Z", "updated_at": "2023-11-05T04:25:48.269Z"}}, {"model": "menu.fooditem", "pk": 7, "fields": {"vendor": 4, "category": 9, "food_title": "Chicken Pizaa", "slug": "chicken-pizaa", "description": "", "price": "201.00", "image": "foodimages/italian-pizza-600x600.jpg", "is_available": true, "created_at": "2023-11-05T15:07:12.982Z", "updated_at": "2023-11-05T15:32:07.682Z"}}, {"model": "menu.fooditem", "pk": 8, "fields": {"vendor": 4, "category": 9, "food_title": "Veg Pizaa", "slug": "veg-pizaa", "description": "", "price": "102.00", "image": "foodimages/pizza-600x600.jpg", "is_available": true, "created_at": "2023-11-05T15:20:47.462Z", "updated_at": "2023-11-05T15:20:47.462Z"}}, {"model": "menu.fooditem", "pk": 9, "fields": {"vendor": 4, "category": 10, "food_title": "Paneer Tikka Masala", "slug": "paneer-tikka-masala", "description": "", "price": "250.00", "image": "foodimages/Paneer_Tikka_masala.jpg", "is_available": true, "created_at": "2023-11-05T15:41:21.872Z", "updated_at": "2023-11-05T15:41:21.872Z"}}, {"model": "menu.fooditem", "pk": 10, "fields": {"vendor": 4, "category": 10, "food_title": "Paneer  Masala", "slug": "paneer-masala", "description": "", "price": "300.00", "image": "foodimages/Paneer_Masala.jpg", "is_available": true, "created_at": "2023-11-05T15:41:51.749Z", "updated_at": "2023-11-05T15:41:51.749Z"}}, {"model": "menu.fooditem", "pk": 11, "fields": {"vendor": 4, "category": 10, "food_title": "Paneer Butter Masala", "slug": "paneer-butter-masala", "description": "", "price": "350.00", "image": "foodimages/Paneer_Butter_Masala.jpg", "is_available": true, "created_at": "2023-11-05T15:42:30.732Z", "updated_at": "2023-11-05T15:42:30.732Z"}}, {"model": "menu.fooditem", "pk": 13, "fields": {"vendor": 4, "category": 11, "food_title": "Chicken Fry", "slug": "chicken-fry", "description": "", "price": "90.00", "image": "foodimages/chicken_65_4_WkHM6XC.JPG", "is_available": true, "created_at": "2024-01-21T08:10:38.120Z", "updated_at": "2024-01-21T08:10:38.120Z"}}, {"model": "menu.fooditem", "pk": 15, "fields": {"vendor": 6, "category": 12, "food_title": "Chicken Handi", "slug": "chicken-handi", "description": "", "price": "65.00", "image": "foodimages/best_murgh_chicken_handi_recipe.jpg", "is_available": true, "created_at": "2024-01-21T08:18:50.490Z", "updated_at": "2024-01-21T08:18:50.490Z"}}, {"model": "menu.fooditem", "pk": 16, "fields": {"vendor": 4, "category": 11, "food_title": "chicken kabba", "slug": "chicken-kabba", "description": "", "price": "65.00", "image": "foodimages/png-transparent-kebab-barbecue-garnish-plate-thumbnail.png", "is_available": true, "created_at": "2024-02-16T14:55:45.963Z", "updated_at": "2024-02-16T14:55:45.963Z"}}, {"model": "menu.fooditem", "pk": 20, "fields": {"vendor": 2, "category": 3, "food_title": "Chicken_Kabba", "slug": "chicken_kabba", "description": "", "price": "95.00", "image": "foodimages/png-transparent-kebab-barbecue-garnish-plate-thumbnail_8rvR9VV.png", "is_available": true, "created_at": "2024-02-16T15:02:47.474Z", "updated_at": "2024-02-16T15:02:47.474Z"}}, {"model": "menu.fooditem", "pk": 25, "fields": {"vendor": 6, "category": 12, "food_title": "chicken kabba", "slug": "chicken-kabba-1", "description": "", "price": "120.00", "image": "foodimages/chicken.seekh_wiX8dxO.jpg", "is_available": true, "created_at": "2024-04-17T15:12:16.312Z", "updated_at": "2024-04-17T15:12:16.312Z"}}, {"model": "marketplace.cart", "pk": 84, "fields": {"user": 26, "fooditem": 7, "quantity": 1, "created_at": "2023-11-05T15:30:57.418Z", "updated_at": "2023-11-05T15:30:57.418Z"}}, {"model": "marketplace.cart", "pk": 85, "fields": {"user": 26, "fooditem": 8, "quantity": 2, "created_at": "2023-11-05T15:30:58.212Z", "updated_at": "2023-11-05T15:42:43.247Z"}}, {"model": "marketplace.cart", "pk": 86, "fields": {"user": 26, "fooditem": 10, "quantity": 1, "created_at": "2023-11-05T15:42:44.886Z", "updated_at": "2023-11-05T15:42:44.886Z"}}, {"model": "marketplace.cart", "pk": 87, "fields": {"user": 26, "fooditem": 11, "quantity": 1, "created_at": "2023-11-05T15:42:45.440Z", "updated_at": "2023-11-05T15:42:45.440Z"}}, {"model": "marketplace.cart", "pk": 88, "fields": {"user": 26, "fooditem": 9, "quantity": 1, "created_at": "2023-11-05T15:42:46.426Z", "updated_at": "2023-11-05T15:42:46.427Z"}}, {"model": "marketplace.cart", "pk": 89, "fields": {"user": 26, "fooditem": 5, "quantity": 1, "created_at": "2023-11-05T15:42:54.085Z", "updated_at": "2023-11-05T15:42:54.085Z"}}, {"model": "marketplace.cart", "pk": 90, "fields": {"user": 26, "fooditem": 4, "quantity": 1, "created_at": "2023-11-05T15:42:55.219Z", "updated_at": "2023-11-05T15:42:55.219Z"}}, {"model": "marketplace.cart", "pk": 91, "fields": {"user": 26, "fooditem": 6, "quantity": 1, "created_at": "2023-11-05T15:42:56.477Z", "updated_at": "2023-11-05T15:42:56.477Z"}}, {"model": "marketplace.cart", "pk": 104, "fields": {"user": 29, "fooditem": 5, "quantity": 2, "created_at": "2024-01-25T12:41:36.819Z", "updated_at": "2024-01-25T12:41:43.625Z"}}, {"model": "marketplace.cart", "pk": 105, "fields": {"user": 29, "fooditem": 2, "quantity": 3, "created_at": "2024-01-25T12:41:38.186Z", "updated_at": "2024-02-16T16:27:07.110Z"}}, {"model": "marketplace.cart", "pk": 106, "fields": {"user": 29, "fooditem": 6, "quantity": 3, "created_at": "2024-01-25T12:41:39.612Z", "updated_at": "2024-02-16T16:26:31.860Z"}}, {"model": "marketplace.cart", "pk": 108, "fields": {"user": 32, "fooditem": 5, "quantity": 1, "created_at": "2024-02-16T15:59:57.830Z", "updated_at": "2024-02-16T15:59:57.830Z"}}, {"model": "marketplace.cart", "pk": 109, "fields": {"user": 32, "fooditem": 2, "quantity": 1, "created_at": "2024-02-16T15:59:59.437Z", "updated_at": "2024-02-16T15:59:59.437Z"}}, {"model": "marketplace.cart", "pk": 110, "fields": {"user": 32, "fooditem": 20, "quantity": 1, "created_at": "2024-02-16T15:59:59.865Z", "updated_at": "2024-02-16T15:59:59.865Z"}}, {"model": "marketplace.cart", "pk": 111, "fields": {"user": 32, "fooditem": 4, "quantity": 1, "created_at": "2024-02-16T16:00:01.015Z", "updated_at": "2024-02-16T16:00:01.015Z"}}, {"model": "marketplace.cart", "pk": 112, "fields": {"user": 32, "fooditem": 6, "quantity": 1, "created_at": "2024-02-16T16:00:01.809Z", "updated_at": "2024-02-16T16:00:01.809Z"}}, {"model": "marketplace.cart", "pk": 113, "fields": {"user": 29, "fooditem": 20, "quantity": 1, "created_at": "2024-02-16T16:26:29.942Z", "updated_at": "2024-02-16T16:26:29.942Z"}}, {"model": "marketplace.cart", "pk": 114, "fields": {"user": 29, "fooditem": 4, "quantity": 1, "created_at": "2024-02-16T16:26:30.843Z", "updated_at": "2024-02-16T16:26:30.843Z"}}, {"model": "marketplace.cart", "pk": 115, "fields": {"user": 29, "fooditem": 8, "quantity": 1, "created_at": "2024-02-17T05:27:09.915Z", "updated_at": "2024-02-17T05:27:09.915Z"}}, {"model": "marketplace.cart", "pk": 116, "fields": {"user": 29, "fooditem": 7, "quantity": 1, "created_at": "2024-02-17T05:27:11.122Z", "updated_at": "2024-02-17T05:27:11.122Z"}}, {"model": "marketplace.cart", "pk": 117, "fields": {"user": 29, "fooditem": 9, "quantity": 1, "created_at": "2024-02-17T05:27:12.465Z", "updated_at": "2024-02-17T05:27:12.465Z"}}, {"model": "marketplace.cart", "pk": 118, "fields": {"user": 29, "fooditem": 10, "quantity": 1, "created_at": "2024-02-17T05:27:13.481Z", "updated_at": "2024-02-17T05:27:13.482Z"}}, {"model": "marketplace.cart", "pk": 119, "fields": {"user": 29, "fooditem": 11, "quantity": 1, "created_at": "2024-02-17T05:27:14.455Z", "updated_at": "2024-02-17T05:27:14.455Z"}}, {"model": "marketplace.cart", "pk": 120, "fields": {"user": 29, "fooditem": 16, "quantity": 1, "created_at": "2024-02-17T05:27:16.350Z", "updated_at": "2024-02-17T05:27:16.350Z"}}, {"model": "marketplace.cart", "pk": 121, "fields": {"user": 29, "fooditem": 13, "quantity": 1, "created_at": "2024-02-17T05:27:17.385Z", "updated_at": "2024-02-17T05:27:17.385Z"}}, {"model": "marketplace.cart", "pk": 125, "fields": {"user": 31, "fooditem": 16, "quantity": 1, "created_at": "2024-04-07T14:52:36.276Z", "updated_at": "2024-04-07T14:52:36.276Z"}}, {"model": "marketplace.cart", "pk": 126, "fields": {"user": 31, "fooditem": 13, "quantity": 1, "created_at": "2024-04-07T14:52:37.050Z", "updated_at": "2024-04-07T14:52:37.050Z"}}, {"model": "marketplace.cart", "pk": 127, "fields": {"user": 31, "fooditem": 5, "quantity": 1, "created_at": "2024-04-09T18:32:59.973Z", "updated_at": "2024-04-09T18:32:59.973Z"}}, {"model": "marketplace.cart", "pk": 128, "fields": {"user": 31, "fooditem": 20, "quantity": 1, "created_at": "2024-04-09T18:33:01.170Z", "updated_at": "2024-04-09T18:33:01.170Z"}}, {"model": "marketplace.cart", "pk": 144, "fields": {"user": 30, "fooditem": 5, "quantity": 1, "created_at": "2024-04-17T16:13:59.690Z", "updated_at": "2024-04-17T16:13:59.690Z"}}, {"model": "marketplace.cart", "pk": 145, "fields": {"user": 30, "fooditem": 2, "quantity": 1, "created_at": "2024-04-17T16:14:00.290Z", "updated_at": "2024-04-17T16:14:00.291Z"}}, {"model": "marketplace.tax", "pk": 1, "fields": {"tax_type": "SGST", "tax_percentage": "7.00", "is_active": true}}, {"model": "marketplace.tax", "pk": 2, "fields": {"tax_type": "CGST", "tax_percentage": "9.00", "is_active": true}}, {"model": "orders.payment", "pk": 1, "fields": {"user": 30, "transaction_id": "8NR540963A410405C", "payment_method": "PayPal", "amount": "104.4", "status": "COMPLETED", "created_at": "2024-04-07T11:48:39.931Z"}}, {"model": "orders.payment", "pk": 2, "fields": {"user": 30, "transaction_id": "6ML15327F6737864P", "payment_method": "PayPal", "amount": "104.4", "status": "COMPLETED", "created_at": "2024-04-07T14:24:20.740Z"}}, {"model": "orders.payment", "pk": 3, "fields": {"user": 31, "transaction_id": "29146342VC2684136", "payment_method": "PayPal", "amount": "179.8", "status": "COMPLETED", "created_at": "2024-04-07T14:54:43.285Z"}}, {"model": "orders.payment", "pk": 4, "fields": {"user": 31, "transaction_id": "23B960774F326971W", "payment_method": "PayPal", "amount": "179.8", "status": "COMPLETED", "created_at": "2024-04-07T15:14:07.606Z"}}, {"model": "orders.payment", "pk": 5, "fields": {"user": 31, "transaction_id": "2PL283834B6624251", "payment_method": "PayPal", "amount": "179.8", "status": "COMPLETED", "created_at": "2024-04-07T15:17:14.402Z"}}, {"model": "orders.payment", "pk": 6, "fields": {"user": 31, "transaction_id": "4RW96420XJ630592Y", "payment_method": "PayPal", "amount": "179.8", "status": "COMPLETED", "created_at": "2024-04-07T15:18:17.300Z"}}, {"model": "orders.payment", "pk": 7, "fields": {"user": 31, "transaction_id": "6DL17443BR249382B", "payment_method": "PayPal", "amount": "179.8", "status": "COMPLETED", "created_at": "2024-04-07T15:26:24.303Z"}}, {"model": "orders.payment", "pk": 8, "fields": {"user": 31, "transaction_id": "505049501J970193G", "payment_method": "PayPal", "amount": "179.8", "status": "COMPLETED", "created_at": "2024-04-07T18:01:17.055Z"}}, {"model": "orders.payment", "pk": 9, "fields": {"user": 31, "transaction_id": "0CT713128K012231L", "payment_method": "PayPal", "amount": "179.8", "status": "COMPLETED", "created_at": "2024-04-07T18:03:08.234Z"}}, {"model": "orders.payment", "pk": 10, "fields": {"user": 31, "transaction_id": "2WG10461GD2391709", "payment_method": "PayPal", "amount": "179.8", "status": "COMPLETED", "created_at": "2024-04-08T07:28:18.096Z"}}, {"model": "orders.payment", "pk": 11, "fields": {"user": 31, "transaction_id": "pay_Nw46ipP8VUNE0l", "payment_method": "RazorPay", "amount": "179.8", "status": "Success", "created_at": "2024-04-08T08:39:49.763Z"}}, {"model": "orders.payment", "pk": 12, "fields": {"user": 31, "transaction_id": "pay_Nw4M97NFnB70Ch", "payment_method": "RazorPay", "amount": "179.8", "status": "Success", "created_at": "2024-04-08T08:54:25.719Z"}}, {"model": "orders.payment", "pk": 13, "fields": {"user": 31, "transaction_id": "pay_Nw4ROfAG0VQC7O", "payment_method": "RazorPay", "amount": "179.8", "status": "Success", "created_at": "2024-04-08T08:59:23.974Z"}}, {"model": "orders.payment", "pk": 14, "fields": {"user": 31, "transaction_id": "pay_Nw4UNBi4JWW4t8", "payment_method": "RazorPay", "amount": "179.8", "status": "Success", "created_at": "2024-04-08T09:02:13.628Z"}}, {"model": "orders.payment", "pk": 15, "fields": {"user": 31, "transaction_id": "pay_Nw4YX2wM1DC2OP", "payment_method": "RazorPay", "amount": "179.8", "status": "Success", "created_at": "2024-04-08T09:06:09.334Z"}}, {"model": "orders.payment", "pk": 16, "fields": {"user": 31, "transaction_id": "pay_Nw9E7DdHsKdDT1", "payment_method": "RazorPay", "amount": "179.8", "status": "Success", "created_at": "2024-04-08T13:40:17.654Z"}}, {"model": "orders.payment", "pk": 17, "fields": {"user": 31, "transaction_id": "pay_Nw9Hv3fYymO7KA", "payment_method": "RazorPay", "amount": "179.8", "status": "Success", "created_at": "2024-04-08T13:43:53.912Z"}}, {"model": "orders.payment", "pk": 18, "fields": {"user": 30, "transaction_id": "pay_Nw9UsbaLL2yj67", "payment_method": "RazorPay", "amount": "104.4", "status": "Success", "created_at": "2024-04-08T13:56:09.752Z"}}, {"model": "orders.payment", "pk": 19, "fields": {"user": 30, "transaction_id": "pay_Nw9YXFwL7b2lkL", "payment_method": "RazorPay", "amount": "104.4", "status": "Success", "created_at": "2024-04-08T13:59:37.061Z"}}, {"model": "orders.payment", "pk": 20, "fields": {"user": 30, "transaction_id": "pay_NwBgDGBrP2qweL", "payment_method": "RazorPay", "amount": "104.4", "status": "Success", "created_at": "2024-04-08T16:04:16.476Z"}}, {"model": "orders.payment", "pk": 21, "fields": {"user": 30, "transaction_id": "pay_NwRAtsWEwlC1yQ", "payment_method": "RazorPay", "amount": "104.4", "status": "Success", "created_at": "2024-04-09T07:13:43.069Z"}}, {"model": "orders.payment", "pk": 22, "fields": {"user": 30, "transaction_id": "pay_NwYVkuRR9ubeYD", "payment_method": "RazorPay", "amount": "104.4", "status": "Success", "created_at": "2024-04-09T14:24:18.095Z"}}, {"model": "orders.payment", "pk": 23, "fields": {"user": 31, "transaction_id": "pay_NwclmeX5PD3txF", "payment_method": "RazorPay", "amount": "517.36", "status": "Success", "created_at": "2024-04-09T18:34:15.035Z"}}, {"model": "orders.payment", "pk": 24, "fields": {"user": 30, "transaction_id": "pay_Nwy0DME1T1iavA", "payment_method": "RazorPay", "amount": "966.28", "status": "Success", "created_at": "2024-04-10T15:20:28.447Z"}}, {"model": "orders.payment", "pk": 25, "fields": {"user": 30, "transaction_id": "pay_NxMaBtriJiGV2I", "payment_method": "RazorPay", "amount": "1624.0", "status": "Success", "created_at": "2024-04-11T15:23:09.942Z"}}, {"model": "orders.payment", "pk": 26, "fields": {"user": 30, "transaction_id": "pay_NxkmwdXcCZG7bi", "payment_method": "RazorPay", "amount": "1624.0", "status": "Success", "created_at": "2024-04-12T15:03:51.451Z"}}, {"model": "orders.payment", "pk": 27, "fields": {"user": 30, "transaction_id": "pay_NxlK0A9r49gqk1", "payment_method": "RazorPay", "amount": "1272.52", "status": "Success", "created_at": "2024-04-12T15:35:09.318Z"}}, {"model": "orders.payment", "pk": 28, "fields": {"user": 30, "transaction_id": "pay_NxlNIVb4CVR8iO", "payment_method": "RazorPay", "amount": "1272.52", "status": "Success", "created_at": "2024-04-12T15:38:16.340Z"}}, {"model": "orders.payment", "pk": 29, "fields": {"user": 30, "transaction_id": "pay_Nxm22Pk47ODSTD", "payment_method": "RazorPay", "amount": "1162.32", "status": "Success", "created_at": "2024-04-12T16:16:50.353Z"}}, {"model": "orders.payment", "pk": 30, "fields": {"user": 30, "transaction_id": "pay_NxmwGGNSmVNlcK", "payment_method": "RazorPay", "amount": "1035.88", "status": "Success", "created_at": "2024-04-12T17:10:04.569Z"}}, {"model": "orders.payment", "pk": 31, "fields": {"user": 30, "transaction_id": "pay_NxoPzIYOQRMWIJ", "payment_method": "RazorPay", "amount": "629.88", "status": "Success", "created_at": "2024-04-12T18:36:54.522Z"}}, {"model": "orders.payment", "pk": 32, "fields": {"user": 30, "transaction_id": "pay_Ny096u4OBa9hgQ", "payment_method": "RazorPay", "amount": "629.88", "status": "Success", "created_at": "2024-04-13T06:05:18.605Z"}}, {"model": "orders.payment", "pk": 33, "fields": {"user": 30, "transaction_id": "pay_Ny0H3JVqV9UA3h", "payment_method": "RazorPay", "amount": "436.16", "status": "Success", "created_at": "2024-04-13T06:12:45.659Z"}}, {"model": "orders.payment", "pk": 34, "fields": {"user": 30, "transaction_id": "pay_Ny3dyfR3sfxTVI", "payment_method": "RazorPay", "amount": "236.64", "status": "Success", "created_at": "2024-04-13T09:30:58.013Z"}}, {"model": "orders.payment", "pk": 35, "fields": {"user": 30, "transaction_id": "pay_NzjKzrCcvYU5LI", "payment_method": "RazorPay", "amount": "770.24", "status": "Success", "created_at": "2024-04-17T14:56:39.510Z"}}, {"model": "orders.order", "pk": 57, "fields": {"user": 30, "payment": 34, "order_number": "2024041314563057", "first_name": "omkar", "last_name": "jadhav", "phone": "8087376383", "email": "jadhavomkar8087@gmail.com", "address": "Kalambaste naka, National Highway 66, Kalambaste, Chiplun, Maharashtra, India", "country": "India", "state": "Maharashtra", "city": "Chiplun", "pin_code": "415604", "total": 236.64, "tax_data": "{\"SGST\": {\"7.00\": 14.28}, \"CGST\": {\"9.00\": 18.36}}", "total_data": "{\"4\": {\"102.00\": \"{'SGST': {'7.00': '7.14'}, 'CGST': {'9.00': '9.18'}}\"}, \"2\": {\"102.00\": \"{'SGST': {'7.00': '7.14'}, 'CGST': {'9.00': '9.18'}}\"}}", "total_tax": 32.64, "payment_method": "RazorPay", "status": "New", "is_ordered": true, "created_at": "2024-04-13T09:26:30.685Z", "updated_at": "2024-04-13T09:30:58.018Z", "vendors": [2, 4]}}, {"model": "orders.order", "pk": 58, "fields": {"user": 30, "payment": 35, "order_number": "2024041720260758", "first_name": "omkar", "last_name": "jadhav", "phone": "8087376383", "email": "jadhavomkar8087@gmail.com", "address": "Kalambaste naka, National Highway 66, Kalambaste, Chiplun, Maharashtra, India", "country": "India", "state": "Maharashtra", "city": "Chiplun", "pin_code": "415604", "total": 770.24, "tax_data": "{\"SGST\": {\"7.00\": 46.48}, \"CGST\": {\"9.00\": 59.76}}", "total_data": "{\"4\": {\"402.00\": \"{'SGST': {'7.00': '28.14'}, 'CGST': {'9.00': '36.18'}}\"}, \"2\": {\"197.00\": \"{'SGST': {'7.00': '13.79'}, 'CGST': {'9.00': '17.73'}}\"}, \"6\": {\"65.00\": \"{'SGST': {'7.00': '4.55'}, 'CGST': {'9.00': '5.85'}}\"}}", "total_tax": 106.24, "payment_method": "RazorPay", "status": "New", "is_ordered": true, "created_at": "2024-04-17T14:56:07.828Z", "updated_at": "2024-04-17T14:56:39.514Z", "vendors": [2, 4, 6]}}, {"model": "orders.order", "pk": 59, "fields": {"user": 29, "payment": null, "order_number": "2024041721380059", "first_name": "Third", "last_name": "Hotel", "phone": "", "email": "third.amazonkatta2002@gmail.com", "address": "Pir Lote, Dhamandevi, Maharashtra, India", "country": "India", "state": "Maharashtra", "city": "Dhamandevi", "pin_code": "415605", "total": 2992.8, "tax_data": "{\"SGST\": {\"7.00\": 180.60}, \"CGST\": {\"9.00\": 232.20}}", "total_data": "{\"2\": {\"1222.00\": \"{'SGST': {'7.00': '85.54'}, 'CGST': {'9.00': '109.98'}}\"}, \"4\": {\"1358.00\": \"{'SGST': {'7.00': '95.06'}, 'CGST': {'9.00': '122.22'}}\"}}", "total_tax": 412.8, "payment_method": "RazorPay", "status": "New", "is_ordered": false, "created_at": "2024-04-17T16:08:00.024Z", "updated_at": "2024-04-17T16:08:00.035Z", "vendors": [2, 4]}}, {"model": "orders.order", "pk": 60, "fields": {"user": 30, "payment": null, "order_number": "2024041721440660", "first_name": "omkar", "last_name": "jadhav", "phone": "8087376383", "email": "jadhavomkar8087@gmail.com", "address": "Kalambaste naka, National Highway 66, Kalambaste, Chiplun, Maharashtra, India", "country": "India", "state": "Maharashtra", "city": "Chiplun", "pin_code": "415604", "total": 345.68, "tax_data": "{\"SGST\": {\"7.00\": 20.86}, \"CGST\": {\"9.00\": 26.82}}", "total_data": "{\"2\": {\"298.00\": \"{'SGST': {'7.00': '20.86'}, 'CGST': {'9.00': '26.82'}}\"}}", "total_tax": 47.68, "payment_method": "PayPal", "status": "New", "is_ordered": false, "created_at": "2024-04-17T16:14:06.909Z", "updated_at": "2024-04-17T16:14:06.914Z", "vendors": [2]}}, {"model": "orders.order", "pk": 61, "fields": {"user": 30, "payment": null, "order_number": "2024041721445061", "first_name": "omkar", "last_name": "jadhav", "phone": "8087376383", "email": "jadhavomkar8087@gmail.com", "address": "Kalambaste naka, National Highway 66, Kalambaste, Chiplun, Maharashtra, India", "country": "India", "state": "Maharashtra", "city": "Chiplun", "pin_code": "415604", "total": 345.68, "tax_data": "{\"SGST\": {\"7.00\": 20.86}, \"CGST\": {\"9.00\": 26.82}}", "total_data": "{\"2\": {\"298.00\": \"{'SGST': {'7.00': '20.86'}, 'CGST': {'9.00': '26.82'}}\"}}", "total_tax": 47.68, "payment_method": "PayPal", "status": "New", "is_ordered": false, "created_at": "2024-04-17T16:14:50.932Z", "updated_at": "2024-04-17T16:14:50.937Z", "vendors": [2]}}, {"model": "orders.order", "pk": 62, "fields": {"user": 30, "payment": null, "order_number": "2024041722020462", "first_name": "omkar", "last_name": "jadhav", "phone": "8087376383", "email": "jadhavomkar8087@gmail.com", "address": "Kalambaste naka, National Highway 66, Kalambaste, Chiplun, Maharashtra, India", "country": "India", "state": "Maharashtra", "city": "Chiplun", "pin_code": "415604", "total": 345.68, "tax_data": "{\"SGST\": {\"7.00\": 20.86}, \"CGST\": {\"9.00\": 26.82}}", "total_data": "{\"2\": {\"298.00\": \"{'SGST': {'7.00': '20.86'}, 'CGST': {'9.00': '26.82'}}\"}}", "total_tax": 47.68, "payment_method": "PayPal", "status": "New", "is_ordered": false, "created_at": "2024-04-17T16:32:04.340Z", "updated_at": "2024-04-17T16:32:04.355Z", "vendors": [2]}}, {"model": "orders.orderedfood", "pk": 98, "fields": {"order": 57, "payment": 34, "user": 30, "fooditem": 8, "quantity": 1, "price": 102.0, "amount": 102.0, "created_at": "2024-04-13T09:30:58.035Z", "updated_at": "2024-04-13T09:30:58.035Z"}}, {"model": "orders.orderedfood", "pk": 99, "fields": {"order": 57, "payment": 34, "user": 30, "fooditem": 2, "quantity": 1, "price": 102.0, "amount": 102.0, "created_at": "2024-04-13T09:30:58.041Z", "updated_at": "2024-04-13T09:30:58.041Z"}}, {"model": "orders.orderedfood", "pk": 100, "fields": {"order": 58, "payment": 35, "user": 30, "fooditem": 8, "quantity": 1, "price": 102.0, "amount": 102.0, "created_at": "2024-04-17T14:56:39.520Z", "updated_at": "2024-04-17T14:56:39.520Z"}}, {"model": "orders.orderedfood", "pk": 101, "fields": {"order": 58, "payment": 35, "user": 30, "fooditem": 10, "quantity": 1, "price": 300.0, "amount": 300.0, "created_at": "2024-04-17T14:56:39.527Z", "updated_at": "2024-04-17T14:56:39.527Z"}}, {"model": "orders.orderedfood", "pk": 102, "fields": {"order": 58, "payment": 35, "user": 30, "fooditem": 2, "quantity": 1, "price": 102.0, "amount": 102.0, "created_at": "2024-04-17T14:56:39.529Z", "updated_at": "2024-04-17T14:56:39.529Z"}}, {"model": "orders.orderedfood", "pk": 103, "fields": {"order": 58, "payment": 35, "user": 30, "fooditem": 20, "quantity": 1, "price": 95.0, "amount": 95.0, "created_at": "2024-04-17T14:56:39.530Z", "updated_at": "2024-04-17T14:56:39.530Z"}}, {"model": "orders.orderedfood", "pk": 104, "fields": {"order": 58, "payment": 35, "user": 30, "fooditem": 15, "quantity": 1, "price": 65.0, "amount": 65.0, "created_at": "2024-04-17T14:56:39.531Z", "updated_at": "2024-04-17T14:56:39.531Z"}}]